id,title,webpage_url,source_query,uploader,channel_id,upload_date,duration_s,width,height,fps,view_count,like_count,tags,ext,category,id_valid
-6yyP-agq9c,Lip Tutorial 101: My #ParisFashionWeek Lips in Just THREE Products 🤎✨ #liptutorial #lipcombo,https://www.youtube.com/watch?v=-6yyP-agq9c,https://www.youtube.com/channel/UCRSvEADlY-caz3sfDNwvR1A/shorts,Huda Beauty,UCRSvEADlY-caz3sfDNwvR1A,2025-10-17,37,1080,1920,24,174083,4761.0,[],mp4,beauty_fashion,True
#NAME?,Kalamantina in the making 🎥💄 #HudaBeautyxSaintLevant,https://www.youtube.com/watch?v=-EBn6efxP40,https://www.youtube.com/channel/UCRSvEADlY-caz3sfDNwvR1A/shorts,Huda Beauty,UCRSvEADlY-caz3sfDNwvR1A,2025-07-20,29,720,1280,24,253612,6329.0,[],mp4,beauty_fashion,False
#NAME?,LOVE YOU GUYS❤️,https://www.youtube.com/watch?v=-G3sFkZB9Rs,https://www.youtube.com/channel/UC56D-IHcUvLVFTX_8NpQMXg/shorts,Brent Rivera,UC56D-IHcUvLVFTX_8NpQMXg,2026-07-25,36,1080,1920,30,2637682,61014.0,[],mp4,comedy_sketch,False
#NAME?,To all the donkeys I’ve wronged…#HayDay #UnleashHarmony #ad,https://www.youtube.com/watch?v=-KgaRs7fNfk,https://www.youtube.com/channel/UCIEv3lZ_tNXHzL3ox-_uUGQ/shorts,Gordon Ramsay,UCIEv3lZ_tNXHzL3ox-_uUGQ,2025-01-16,48,1080,1920,25,429628,22942.0,[],mp4,cooking_food,False
#NAME?,Cat Dads are the best! ❤️ #simonscat #shortsfeed #cat,https://www.youtube.com/watch?v=-KmhqWfqJ5E,https://www.youtube.com/channel/UCE3pZOwArJXDOQjcQsiQT_w/shorts,Simon's Cat Extra,UCE3pZOwArJXDOQjcQsiQT_w,2025-06-15,52,1080,1920,30,62003,3862.0,"[""simon's cat"",""simons cat"",""simons cats"",""simon's katze"",""simon tofield"",""simon the cat"",""simona”"",""Simon"",""Tofield"",""simonscat"",""animated cats"",""animated animals"",""animal (film character)"",""black and white"",""black and white cat"",""cat lovers"",""cat fails"",""cute cats"",""funny cat"",""funny cats"",""kids"",""“for"",""kids”"",""short animation"",""Animated"",""Animation"",""cartoon"",""cartoons"",""Cat"",""cats"",""cute"",""fail"",""fun"",""Funny"",""Humour"",""kitten"",""kittens"",""kitty"",""pets"",""Toons"",""videos""]",mp4,animation_edu,False
#NAME?,CONFRONTING MY SECRET ADMIRER...,https://www.youtube.com/watch?v=-PvXgaUUlqk,https://www.youtube.com/channel/UCF0_hwTeQ73IhJuEtsUbEtA/shorts,Sofie Dossi,UCF0_hwTeQ73IhJuEtsUbEtA,2023-01-19,51,720,1280,30,24214238,865185.0,"[""sofie dossi"",""sofie dossi shorts"",""dossi sofie"",""contortionist"",""stalker"",""secret admirer""]",mp4,dance,False
#NAME?,Caught You Staring...,https://www.youtube.com/watch?v=-ZXg2jRvA4s,https://www.youtube.com/channel/UC5gxP-2QqIh_09djvlm9Xcg/shorts,Alan's Universe,UC5gxP-2QqIh_09djvlm9Xcg,2026-06-29,16,1080,1920,30,4308658,43814.0,"[""alan chikin chow"",""alan chikin chow tiktok"",""alan chikin chow shorts"",""alan army"",""alan chicken chow"",""alan chicken show"",""alan chikin show""]",mp4,vfx_magic,False
#NAME?,Why Is This Mega Airport Empty?,https://www.youtube.com/watch?v=-oB0LChzR_o,https://www.youtube.com/channel/UC0Ize0RLIbGdH5x4wI45G-A/shorts,Drew Binsky,UC0Ize0RLIbGdH5x4wI45G-A,2026-01-29,38,1080,1920,30,1577580,34953.0,[],mp4,travel_adventure,False
#NAME?,CAN HE CATCH IT?? ⚾️⛰️,https://www.youtube.com/watch?v=-rckiHY2GS4,https://www.youtube.com/channel/UC5f5IV0Bf79YLp_p9nfInRA/shorts,How Ridiculous,UC5f5IV0Bf79YLp_p9nfInRA,2026-08-04,11,1080,1920,30,127682,3165.0,[],mp4,sports_trick_shots,False
#NAME?,POV: Your AU Merch Just Arrived,https://www.youtube.com/watch?v=-tvTNbh_Q84,https://www.youtube.com/channel/UC5gxP-2QqIh_09djvlm9Xcg/shorts,Alan's Universe,UC5gxP-2QqIh_09djvlm9Xcg,2026-07-02,16,1080,1920,30,2646330,32561.0,"[""alan chikin chow"",""alan chikin chow tiktok"",""alan chikin chow shorts"",""alan army"",""alan chicken chow"",""alan chicken show"",""alan chikin show""]",mp4,vfx_magic,False
#NAME?,Letting @HannahStocking into my kitchen may have been a mistake…..,https://www.youtube.com/watch?v=-xLTFIy9eDI,https://www.youtube.com/channel/UCIEv3lZ_tNXHzL3ox-_uUGQ/shorts,Gordon Ramsay,UCIEv3lZ_tNXHzL3ox-_uUGQ,2026-02-07,49,1080,1920,30,169038,2389.0,[],mp4,cooking_food,False
0DhVXbp7WgA,Some songs were always meant to sound timeless 🖤.,https://www.youtube.com/watch?v=0DhVXbp7WgA,https://www.youtube.com/channel/UCORIeT1hk6tYBuntEXsguLg/shorts,PostmodernJukebox,UCORIeT1hk6tYBuntEXsguLg,2026-07-21,30,1080,1920,24,21862,467.0,[],mp4,music_performance,True
0Shj0TCfHUg,This is CRAZY!!,https://www.youtube.com/watch?v=0Shj0TCfHUg,https://www.youtube.com/channel/UC56D-IHcUvLVFTX_8NpQMXg/shorts,Brent Rivera,UC56D-IHcUvLVFTX_8NpQMXg,2025-10-10,26,720,1280,30,8248790,111509.0,[],mp4,comedy_sketch,True
0YbiiBmYlXs,WHAT A CRUNCH 🖨️,https://www.youtube.com/watch?v=0YbiiBmYlXs,https://www.youtube.com/channel/UC5f5IV0Bf79YLp_p9nfInRA/shorts,How Ridiculous,UC5f5IV0Bf79YLp_p9nfInRA,2026-03-24,16,1080,1920,50,867446,16159.0,[],mp4,sports_trick_shots,True
0hkt2-EwMl4,Paid content for Visit Maine.,https://www.youtube.com/watch?v=0hkt2-EwMl4,https://www.youtube.com/channel/UCpVm7bg6pXKo1Pr6k5kxG9A/shorts,National Geographic,UCpVm7bg6pXKo1Pr6k5kxG9A,2026-08-17,41,1080,1920,30,7738,150.0,"[""The Maine Office of Tourism"",""Maine Tourism"",""Visit Maine"",""Maine Travel"",""Maine Vacation"",""Explore Maine"",""Maine Adventures"",""Travel Maine"",""Maine Road Trip"",""Maine's Waterways"",""Maine Attraction"",""Freshwater Lake"",""Paid content"",""Saltwater Lake"",""Kiliii Adventures"",""USA Travel"",""Estuary"",""Oyster"",""Kiliii Yuyan"",""Mid Coast Maine"",""National Geographic"",""Office of Tourism"",""Oyster Farms"",""Photographer Kilii"",""Local Artist"",""Maine Mondays"",""Damariscotta River"",""Kiliii Yüyan"",""Travel Content"",""Maine""]",mp4,nature_wildlife,True
0n2rTAOACHA,Step into a world beneath the surface that's teeming with life. #OneStrangeRock #StepIntoWonder,https://www.youtube.com/watch?v=0n2rTAOACHA,https://www.youtube.com/channel/UCpVm7bg6pXKo1Pr6k5kxG9A/shorts,National Geographic,UCpVm7bg6pXKo1Pr6k5kxG9A,2026-04-02,34,1080,1920,24,22903,581.0,"[""National Geographic"",""Exploring 4k"",""Survival 4k"",""Nature videos"",""Culture"",""Documentary Nat Geo"",""Photography 4k"",""Ancient Civilization"",""History"",""Mystery"",""One Strange Rock"",""Step Into Wonder"",""Lechuguilla Cave"",""Strange Rock"",""Disney+"",""Hulu"",""Caves"",""Rock"",""Streaming Now"",""Docuseries"",""Nature Documentary"",""Explore The Unknown"",""Watch And Wonder"",""Science TV"",""Nature On Screen"",""Science Documentary"",""Science Series"",""Nature Series"",""Earth Month"",""Science"",""Will Smith"",""Earth Day"",""Planet Earth"",""TV shows""]",mp4,nature_wildlife,True
0umWBOVnaE8,What I normally eat in a day 😋 #fitness #healthy #shorts,https://www.youtube.com/watch?v=0umWBOVnaE8,https://www.youtube.com/channel/UCCgLoMYIyP0U56dEhEL1wXQ/shorts,Chloe Ting,UCCgLoMYIyP0U56dEhEL1wXQ,2022-11-14,39,1080,1920,60,2174627,119764.0,"[""what i eat"",""what i ate"",""chloe ting"",""chloeting"",""chloe ting challenge"",""healthy meals"",""easy meals"",""simple meals"",""easy recipes"",""healthy recipes"",""healthy food"",""easy healthy food"",""vlog"",""food vlog"",""food diary"",""food ideas"",""what i eat in a week"",""diet"",""simple recipes"",""free recipes"",""fitness diary"",""salmon"",""bagel"",""wrap"",""healthy wrap"",""healthy dinner"",""healthy breakfast"",""healthy snacks""]",mp4,fitness,True
0v8fegs52sQ,Hammerhead Sharks Up Close NOW STREAMING,https://www.youtube.com/watch?v=0v8fegs52sQ,https://www.youtube.com/channel/UCpVm7bg6pXKo1Pr6k5kxG9A/shorts,National Geographic,UCpVm7bg6pXKo1Pr6k5kxG9A,2026-07-06,21,1080,1920,24,36435,353.0,"[""national geographic"",""nat geo"",""natgeo"",""animals"",""wildlife"",""science"",""explore"",""discover"",""survival"",""nature"",""culture"",""documentary"",""photography"",""ancient civilization"",""history"",""mystery"",""hammerhead sharks"",""sharks"",""sharkfest"",""bertie gregory"",""animals up close""]",mp4,nature_wildlife,True
12sOLHiCsho,Some songs never lose their magic.,https://www.youtube.com/watch?v=12sOLHiCsho,https://www.youtube.com/channel/UCORIeT1hk6tYBuntEXsguLg/shorts,PostmodernJukebox,UCORIeT1hk6tYBuntEXsguLg,2026-07-08,33,1080,1920,30,52418,1592.0,[],mp4,music_performance,True
14XGrVdJKQ8,Epic 3D Print! 🚀 WowCube Stand #wowcube,https://www.youtube.com/watch?v=14XGrVdJKQ8,https://www.youtube.com/channel/UC295-Dw_tDNtZXFeAPAW6Aw/shorts,5-Minute Crafts,UC295-Dw_tDNtZXFeAPAW6Aw,2025-12-04,19,1080,1920,25,334026,2218.0,[],mp4,diy_crafts,True
159It-eqkaU,WHO CAN ESCAPE???,https://www.youtube.com/watch?v=159It-eqkaU,https://www.youtube.com/channel/UCF0_hwTeQ73IhJuEtsUbEtA/shorts,Sofie Dossi,UCF0_hwTeQ73IhJuEtsUbEtA,2026-08-02,58,1080,1920,30,142186,4388.0,"[""Sofie dossi"",""Anna McNulty"",""Elena shinohara"",""Ian Gunther"",""Margzetta Frazier"",""Contortion"",""Flexibility"",""Gymnastics"",""Escape""]",mp4,dance,True
1B_LX2Pvk6c,Why It’s Dangerous to Be Albino in Africa,https://www.youtube.com/watch?v=1B_LX2Pvk6c,https://www.youtube.com/channel/UC0Ize0RLIbGdH5x4wI45G-A/shorts,Drew Binsky,UC0Ize0RLIbGdH5x4wI45G-A,2026-04-01,36,1080,1920,24,875251,25596.0,[],mp4,travel_adventure,True
1HacIQ-iFmo,🌈 DIY RAINBOW Crafts for School 🖍️,https://www.youtube.com/watch?v=1HacIQ-iFmo,https://www.youtube.com/channel/UC295-Dw_tDNtZXFeAPAW6Aw/shorts,5-Minute Crafts,UC295-Dw_tDNtZXFeAPAW6Aw,2026-01-01,28,1080,1920,25,462442,5045.0,[],mp4,diy_crafts,True
1LHORs5Uk1E,We worked hard to get you the best pressed powder...the results speak for themselves.,https://www.youtube.com/watch?v=1LHORs5Uk1E,https://www.youtube.com/channel/UCRSvEADlY-caz3sfDNwvR1A/shorts,Huda Beauty,UCRSvEADlY-caz3sfDNwvR1A,2025-12-22,19,1080,1920,24,397519,6831.0,[],mp4,beauty_fashion,True
1VwzOn5lDwc,Teddy's Guide to the Local Foodie Spots #shortsfeed,https://www.youtube.com/watch?v=1VwzOn5lDwc,https://www.youtube.com/channel/UCE3pZOwArJXDOQjcQsiQT_w/shorts,Simon's Cat Extra,UCE3pZOwArJXDOQjcQsiQT_w,2025-04-26,49,1080,1920,25,21298,1069.0,"[""simon's cat"",""simons cat"",""simons cats"",""simon's katze"",""simon tofield"",""simon the cat"",""simona”"",""Simon"",""Tofield"",""simonscat"",""animated cats"",""animated animals"",""animal (film character)"",""black and white"",""black and white cat"",""cat lovers"",""cat fails"",""cute cats"",""funny cat"",""funny cats"",""kids"",""“for"",""kids”"",""short animation"",""Animated"",""Animation"",""cartoon"",""cartoons"",""Cat"",""cats"",""cute"",""fail"",""fun"",""Funny"",""Humour"",""kitten"",""kittens"",""kitty"",""pets"",""Toons"",""videos""]",mp4,animation_edu,True
1W5SBmL2mXQ,Exposing Levels!!,https://www.youtube.com/watch?v=1W5SBmL2mXQ,https://www.youtube.com/channel/UC56D-IHcUvLVFTX_8NpQMXg/shorts,Brent Rivera,UC56D-IHcUvLVFTX_8NpQMXg,2026-04-25,38,1080,1920,30,18643697,191011.0,[],mp4,comedy_sketch,True
1c2P_7DowPk,BACK TO THE VET - Colour Special OUT NOW,https://www.youtube.com/watch?v=1c2P_7DowPk,https://www.youtube.com/channel/UCE3pZOwArJXDOQjcQsiQT_w/shorts,Simon's Cat Extra,UCE3pZOwArJXDOQjcQsiQT_w,2025-09-04,11,1080,1920,25,54534,1288.0,"[""Simon’s Cat"",""кот саймонаv"",""simon the cat"",""simon cat"",""simons cat color"",""funny cat cartoons"",""animations for cats"",""Cat funny cats"",""Stories about cats"",""simons cats videos"",""simon the cat thanksgiving"",""cat videos cute cat"",""cat videos for cats to watch"",""simon cat full episodes"",""simon cat videos"",""animated short film"",""cat entertainment videos"",""funny videos of cats and dogs"",""cat videos"",""simons cat vet"",""cat cartoon video"",""nature videos for cats""]",mp4,animation_edu,True
1iBThaP_TaY,This bear was innocent,https://www.youtube.com/watch?v=1iBThaP_TaY,https://www.youtube.com/channel/UCFhXFikryT4aFcLkLw2LBLA/shorts,NileRed,UCFhXFikryT4aFcLkLw2LBLA,2022-06-06,46,1080,1920,60,17458806,1066454.0,"[""nilered"",""nile"",""red"",""science"",""chemistry"",""gummy"",""bear"",""candy"",""rocket"",""sugar"",""potassium"",""chlorate"",""fire"",""jelly"",""sweet""]",mp4,high_speed_science,True
1t5YxiQ2h6k,Here’s a #gordonramsay approved way to make quick and easy french fries !,https://www.youtube.com/watch?v=1t5YxiQ2h6k,https://www.youtube.com/channel/UCIEv3lZ_tNXHzL3ox-_uUGQ/shorts,Gordon Ramsay,UCIEv3lZ_tNXHzL3ox-_uUGQ,2024-03-20,47,1080,1920,24,2164699,50283.0,[],mp4,cooking_food,True
1vXR2QYyjp8,GRWM with my mini me 💖,https://www.youtube.com/watch?v=1vXR2QYyjp8,https://www.youtube.com/channel/UCRSvEADlY-caz3sfDNwvR1A/shorts,Huda Beauty,UCRSvEADlY-caz3sfDNwvR1A,2025-08-30,28,720,1280,24,223504,4264.0,[],mp4,beauty_fashion,True
1zVo2BoeTTw,I’m still looking for the lamb sauce….,https://www.youtube.com/watch?v=1zVo2BoeTTw,https://www.youtube.com/channel/UCIEv3lZ_tNXHzL3ox-_uUGQ/shorts,Gordon Ramsay,UCIEv3lZ_tNXHzL3ox-_uUGQ,2024-10-28,17,1080,1920,30,522342,24807.0,[],mp4,cooking_food,True
2Awhz4zWmCc,THIS IS AWESOME! 🤖💰 DIY Cardboard Coin Bank,https://www.youtube.com/watch?v=2Awhz4zWmCc,https://www.youtube.com/channel/UC295-Dw_tDNtZXFeAPAW6Aw/shorts,5-Minute Crafts,UC295-Dw_tDNtZXFeAPAW6Aw,2025-12-19,28,1080,1920,25,384241,3799.0,[],mp4,diy_crafts,True
2UdbvMv4YEI,School hacks for the coolest student 📚,https://www.youtube.com/watch?v=2UdbvMv4YEI,https://www.youtube.com/channel/UC295-Dw_tDNtZXFeAPAW6Aw/shorts,5-Minute Crafts,UC295-Dw_tDNtZXFeAPAW6Aw,2025-11-28,29,1080,1920,25,393657,2653.0,[],mp4,diy_crafts,True
2VD5cb72tEE,The BEST Mattress of 2026 is OBVIOUSLY Helix Sleep!,https://www.youtube.com/watch?v=2VD5cb72tEE,https://www.youtube.com/channel/UCE6acMV3m35znLcf0JGNn7Q/shorts,Gibi ASMR,UCE6acMV3m35znLcf0JGNn7Q,2026-05-22,58,1080,1920,60,62487,1840.0,[],mp4,asmr,True
2VV4a0-2LgM,Pregnant dog on a dangerous road…#shorts,https://www.youtube.com/watch?v=2VV4a0-2LgM,https://www.youtube.com/channel/UC6zbH1Z4G32bBV9wyK6ikPA/shorts,Kritter Klub,UC6zbH1Z4G32bBV9wyK6ikPA,2025-03-13,42,360,640,24,3427,222.0,[],mp4,animals_pets,True
2_Sbdjo-AHg,I GOT A TATTOO!,https://www.youtube.com/watch?v=2_Sbdjo-AHg,https://www.youtube.com/channel/UCF0_hwTeQ73IhJuEtsUbEtA/shorts,Sofie Dossi,UCF0_hwTeQ73IhJuEtsUbEtA,2022-12-14,60,1080,1920,30,19513971,800006.0,"[""sofie dossi"",""sofie dossi shorts"",""tattoo"",""sofie dossi tattoo"",""contortionist""]",mp4,dance,True
2wQqyjVVpUE,Look ​⁠@haleyybaylee as long as the cheese melts it’ll be better than any of my grilled cheeses 🫠,https://www.youtube.com/watch?v=2wQqyjVVpUE,https://www.youtube.com/channel/UCIEv3lZ_tNXHzL3ox-_uUGQ/shorts,Gordon Ramsay,UCIEv3lZ_tNXHzL3ox-_uUGQ,2026-02-08,34,1080,1920,30,192207,2808.0,[],mp4,cooking_food,True
36nZQRax-Pg,"Full PMJ version of ""Die With A Smile"" is coming this Thursday! #postmodernjukebox #diewithasmile",https://www.youtube.com/watch?v=36nZQRax-Pg,https://www.youtube.com/channel/UCORIeT1hk6tYBuntEXsguLg/shorts,PostmodernJukebox,UCORIeT1hk6tYBuntEXsguLg,2025-04-26,48,1080,1920,24,116177,3870.0,[],mp4,music_performance,True
3GNyw4uaAqU,Subscribe for an iPhone,https://www.youtube.com/watch?v=3GNyw4uaAqU,https://www.youtube.com/channel/UCX6OQ3DkcsbYNE6H8uQQuVA/shorts,MrBeast,UCX6OQ3DkcsbYNE6H8uQQuVA,2026-01-13,14,1080,1920,30,1223581099,6817591.0,[],mp4,challenge_stunts,True
3LrHFJxFSk8,deep core and abs workout you need to try #abs #core,https://www.youtube.com/watch?v=3LrHFJxFSk8,https://www.youtube.com/channel/UCCgLoMYIyP0U56dEhEL1wXQ/shorts,Chloe Ting,UCCgLoMYIyP0U56dEhEL1wXQ,2026-01-26,10,1080,1920,30,222987,3744.0,[],mp4,fitness,True
3PJfwveUdgs,MOON JELLYFISH,https://www.youtube.com/watch?v=3PJfwveUdgs,https://www.youtube.com/channel/UC5f5IV0Bf79YLp_p9nfInRA/shorts,How Ridiculous,UC5f5IV0Bf79YLp_p9nfInRA,2026-08-17,11,1080,1920,30,181584,3375.0,[],mp4,sports_trick_shots,True
3iYyMqHdYBE,Me Vs My Cat | #shorts,https://www.youtube.com/watch?v=3iYyMqHdYBE,https://www.youtube.com/channel/UCE3pZOwArJXDOQjcQsiQT_w/shorts,Simon's Cat Extra,UCE3pZOwArJXDOQjcQsiQT_w,2025-05-06,35,1080,1920,25,22722,916.0,"[""simon's cat"",""simons cat"",""simons cats"",""simon's katze"",""simon tofield"",""simon the cat"",""simona”"",""Simon"",""Tofield"",""simonscat"",""animated cats"",""animated animals"",""animal (film character)"",""black and white"",""black and white cat"",""cat lovers"",""cat fails"",""cute cats"",""funny cat"",""funny cats"",""kids"",""“for"",""kids”"",""short animation"",""Animated"",""Animation"",""cartoon"",""cartoons"",""Cat"",""cats"",""cute"",""fail"",""fun"",""Funny"",""Humour"",""kitten"",""kittens"",""kitty"",""pets"",""Toons"",""videos""]",mp4,animation_edu,True
3idIdsRdxwg,Which Katana is the Sharpest?,https://www.youtube.com/watch?v=3idIdsRdxwg,https://www.youtube.com/channel/UC56D-IHcUvLVFTX_8NpQMXg/shorts,Brent Rivera,UC56D-IHcUvLVFTX_8NpQMXg,2025-08-20,43,1080,1920,60,2631773,65051.0,[],mp4,comedy_sketch,True
3o8qbuGDFR8,excuses for not working out.. 😅,https://www.youtube.com/watch?v=3o8qbuGDFR8,https://www.youtube.com/channel/UCCgLoMYIyP0U56dEhEL1wXQ/shorts,Chloe Ting,UCCgLoMYIyP0U56dEhEL1wXQ,2024-10-27,8,1080,1920,60,2391238,46601.0,[],mp4,fitness,True
3o_Kbd1qluk,Bolivia's salt flats blur the line between Earth and the cosmos. #WelcomeToEarth #StepIntoWonder,https://www.youtube.com/watch?v=3o_Kbd1qluk,https://www.youtube.com/channel/UCpVm7bg6pXKo1Pr6k5kxG9A/shorts,National Geographic,UCpVm7bg6pXKo1Pr6k5kxG9A,2026-04-22,32,1080,1920,24,39368,984.0,"[""National Geographic"",""Exploring 4k"",""Survival 4k"",""Nature videos"",""Culture"",""Documentary Nat Geo"",""Photography 4k"",""Cosmic Mirror"",""History"",""Mystery"",""Step Into Wonder"",""Disney+"",""Hulu"",""Docuseries"",""Nature Documentary"",""Earth Month"",""Earth Day"",""TV show"",""Climate Hero"",""Migration video"",""Sky videos"",""Migration of Birds"",""Marine Life"",""Oceans"",""Explore with Us"",""Bolivia"",""Earth"",""Cosmos"",""Welcome to Earth"",""Salt Flats of Bolivia"",""Night Stars"",""Rainfalls"",""Wonders of Night"",""Science"",""Discover"",""Explore"",""South America""]",mp4,nature_wildlife,True
3qyPXUFD8ew,"going red & glossy this valentine's, no gatekeeping ☝🏽 #liptutorial #valentinesmakeup #lipcombo",https://www.youtube.com/watch?v=3qyPXUFD8ew,https://www.youtube.com/channel/UCRSvEADlY-caz3sfDNwvR1A/shorts,Huda Beauty,UCRSvEADlY-caz3sfDNwvR1A,2026-02-14,16,1080,1920,24,586055,10683.0,[],mp4,beauty_fashion,True
401lrADQe-Q,Mother cat won’t leave this sewer due to ill legs..#shorts,https://www.youtube.com/watch?v=401lrADQe-Q,https://www.youtube.com/channel/UC6zbH1Z4G32bBV9wyK6ikPA/shorts,Kritter Klub,UC6zbH1Z4G32bBV9wyK6ikPA,2025-05-22,33,360,640,24,16689,303.0,[],mp4,animals_pets,True
405YiQfZaqA,Piggy Bank Went BANKRUPT!,https://www.youtube.com/watch?v=405YiQfZaqA,https://www.youtube.com/channel/UC5f5IV0Bf79YLp_p9nfInRA/shorts,How Ridiculous,UC5f5IV0Bf79YLp_p9nfInRA,2025-05-08,19,1080,1920,50,913464,15639.0,[],mp4,sports_trick_shots,True
42se3sncd00,Ankle Breaker Racing 🔴🔵,https://www.youtube.com/watch?v=42se3sncd00,https://www.youtube.com/channel/UC5f5IV0Bf79YLp_p9nfInRA/shorts,How Ridiculous,UC5f5IV0Bf79YLp_p9nfInRA,2026-03-04,11,1080,1920,30,706897,9041.0,[],mp4,sports_trick_shots,True
44TBWXbFmU0,😂😂,https://www.youtube.com/watch?v=44TBWXbFmU0,https://www.youtube.com/channel/UC56D-IHcUvLVFTX_8NpQMXg/shorts,Brent Rivera,UC56D-IHcUvLVFTX_8NpQMXg,2026-04-29,19,720,1280,30,4548188,47592.0,[],mp4,comedy_sketch,True
4B-7omlgESs,USA! We’re bringing our “The Future Is Vintage” World Tour your way this fall.,https://www.youtube.com/watch?v=4B-7omlgESs,https://www.youtube.com/channel/UCORIeT1hk6tYBuntEXsguLg/shorts,PostmodernJukebox,UCORIeT1hk6tYBuntEXsguLg,2026-07-28,10,1080,1920,30,43448,808.0,[],mp4,music_performance,True
4GZSZadb7ag,Idiot Sandwich is back thanks to our friends at @icantbelieveitsnotbutter #ad !,https://www.youtube.com/watch?v=4GZSZadb7ag,https://www.youtube.com/channel/UCIEv3lZ_tNXHzL3ox-_uUGQ/shorts,Gordon Ramsay,UCIEv3lZ_tNXHzL3ox-_uUGQ,2026-01-15,60,1080,1920,24,167084,3588.0,"[""Gordon"",""Gordon Ramsay"",""Ramsay"",""Ramsey"",""Chef Ramsay"",""Recipe"",""Recipes"",""Food"",""Cooking"",""Cookery"",""kitchen nightmares"",""hotel hell"",""the f word"",""gordon ramsay likes the food"",""gordon ramsay burger"",""gordon ramsay steak"",""street food"",""pasta recipes"",""chicken recipe"",""Gordon ramsay kitchen nightmares"",""gordon ramsay hotel hell"",""gordon ramsay cooking"",""gordon ramsay funny moments"",""gordon ramsay recipes"",""gordon ramsay recipes chicken"",""gordon ramsay recipes dinner"",""gordon ramsay recipes breakfast""]",mp4,cooking_food,True
4NOrYLRM4n0,NO WAYY,https://www.youtube.com/watch?v=4NOrYLRM4n0,https://www.youtube.com/channel/UC56D-IHcUvLVFTX_8NpQMXg/shorts,Brent Rivera,UC56D-IHcUvLVFTX_8NpQMXg,2026-04-12,13,1080,1920,30,2137818,23408.0,[],mp4,comedy_sketch,True
4QAx6HCte8c,Bloating tip + breakfast,https://www.youtube.com/watch?v=4QAx6HCte8c,https://www.youtube.com/channel/UCCgLoMYIyP0U56dEhEL1wXQ/shorts,Chloe Ting,UCCgLoMYIyP0U56dEhEL1wXQ,2023-02-06,30,1080,1920,60,1451543,79828.0,"[""Breakfast idea"",""bloating"",""easy breakfast recipe"",""simple recipe"",""breakfast ideas"",""healthy recipe"",""healthy food"",""quick recipe"",""food shorts"",""fitness"",""food ideas"",""toast"",""korean style"",""french toast""]",mp4,fitness,True
4aUv-cnLz74,Curtain tie hack you didn’t know you needed—subscribe @pepperell.crafts! 😱,https://www.youtube.com/watch?v=4aUv-cnLz74,https://www.youtube.com/channel/UC295-Dw_tDNtZXFeAPAW6Aw/shorts,5-Minute Crafts,UC295-Dw_tDNtZXFeAPAW6Aw,2025-07-11,38,1080,1920,24,375926,3913.0,[],mp4,diy_crafts,True
4bmrcZHi-0s,Why Does Earth Look 'Drippy'?,https://www.youtube.com/watch?v=4bmrcZHi-0s,https://www.youtube.com/channel/UC6nSFpj9HTCZ5t-N3Rm3-HA/shorts,Vsauce,UC6nSFpj9HTCZ5t-N3Rm3-HA,2024-07-12,60,1080,1920,30,27172536,1676971.0,[],mp4,education_howto,True
4gZo4QnUbbI,"Just dropped 10,000 incredible custom shirts + hoodies! Grab yours now. 🔥",https://www.youtube.com/watch?v=4gZo4QnUbbI,https://www.youtube.com/channel/UC5f5IV0Bf79YLp_p9nfInRA/shorts,How Ridiculous,UC5f5IV0Bf79YLp_p9nfInRA,2024-11-08,37,1080,1920,50,614032,16711.0,"[""how ridiculous"",""rexy"",""44club""]",mp4,sports_trick_shots,True
4rYX4ROqRlg,This is one of the weirdest reactions I've ever seen,https://www.youtube.com/watch?v=4rYX4ROqRlg,https://www.youtube.com/channel/UCFhXFikryT4aFcLkLw2LBLA/shorts,NileRed,UCFhXFikryT4aFcLkLw2LBLA,2022-06-10,60,1080,1920,60,34298591,2494934.0,"[""nilered"",""nile"",""red"",""science"",""chemistry"",""weird"",""weirdest"",""reaction"",""Belousov–Zhabotinsky"",""malonic"",""acid"",""sodium"",""bromate"",""sulfuric acid"",""ferroin"",""indicator"",""bromide""]",mp4,high_speed_science,True
4sG9FhwCBTo,What's Inside A Flame?,https://www.youtube.com/watch?v=4sG9FhwCBTo,https://www.youtube.com/channel/UC6nSFpj9HTCZ5t-N3Rm3-HA/shorts,Vsauce,UC6nSFpj9HTCZ5t-N3Rm3-HA,2024-10-24,60,1080,1920,30,15035258,943847.0,[],mp4,education_howto,True
4xVgGGRCYDU,you need to try this 🥐,https://www.youtube.com/watch?v=4xVgGGRCYDU,https://www.youtube.com/channel/UCCgLoMYIyP0U56dEhEL1wXQ/shorts,Chloe Ting,UCCgLoMYIyP0U56dEhEL1wXQ,2024-03-25,12,1080,1920,60,1140191,46740.0,[],mp4,fitness,True
52r4gEIGslc,Glowing peanut butter is crazy,https://www.youtube.com/watch?v=52r4gEIGslc,https://www.youtube.com/channel/UCFhXFikryT4aFcLkLw2LBLA/shorts,NileRed,UCFhXFikryT4aFcLkLw2LBLA,2022-05-30,60,1080,1920,60,17490960,1195372.0,"[""nilered"",""nile"",""red"",""science"",""chemistry"",""peanut"",""butter"",""glow"",""fluoresence"",""spread"",""dish"",""liquid nitrogen"",""UV"",""ultraviolet"",""light""]",mp4,high_speed_science,True
53SOP3_5j5Y,Best Matress of 2026: Helix Sleep,https://www.youtube.com/watch?v=53SOP3_5j5Y,https://www.youtube.com/channel/UCE6acMV3m35znLcf0JGNn7Q/shorts,Gibi ASMR,UCE6acMV3m35znLcf0JGNn7Q,2026-03-27,54,1080,1920,60,83508,2662.0,[],mp4,asmr,True
54rIpzfiQQw,Guess what’s on the way?,https://www.youtube.com/watch?v=54rIpzfiQQw,https://www.youtube.com/channel/UCRSvEADlY-caz3sfDNwvR1A/shorts,Huda Beauty,UCRSvEADlY-caz3sfDNwvR1A,2025-07-18,13,720,1280,24,435562,8701.0,[],mp4,beauty_fashion,True
5C9gsqix3Tk,ASMR - Book tapping (but only the spine) #shorts,https://www.youtube.com/watch?v=5C9gsqix3Tk,https://www.youtube.com/channel/UCE6acMV3m35znLcf0JGNn7Q/shorts,Gibi ASMR,UCE6acMV3m35znLcf0JGNn7Q,2026-04-04,60,1080,1920,60,123076,4839.0,[],mp4,asmr,True
5H9f_M9UkuA,ASMR - YouTube made a bootleg Family Feud? #shorts,https://www.youtube.com/watch?v=5H9f_M9UkuA,https://www.youtube.com/channel/UCE6acMV3m35znLcf0JGNn7Q/shorts,Gibi ASMR,UCE6acMV3m35znLcf0JGNn7Q,2026-01-21,60,1080,1920,60,181674,4944.0,[],mp4,asmr,True
5Ms-WfIkD84,Two stray dogs have only each other…#shorts,https://www.youtube.com/watch?v=5Ms-WfIkD84,https://www.youtube.com/channel/UC6zbH1Z4G32bBV9wyK6ikPA/shorts,Kritter Klub,UC6zbH1Z4G32bBV9wyK6ikPA,2025-05-29,40,360,640,24,11250,361.0,[],mp4,animals_pets,True
5QRR-cmqUig,Note to self….don’t give Pedro Pascal a knife 😳,https://www.youtube.com/watch?v=5QRR-cmqUig,https://www.youtube.com/channel/UCIEv3lZ_tNXHzL3ox-_uUGQ/shorts,Gordon Ramsay,UCIEv3lZ_tNXHzL3ox-_uUGQ,2025-07-27,20,1080,1920,24,521609,9911.0,[],mp4,cooking_food,True
5ScgYHxkcws,ASMR - Circes Gift to you...,https://www.youtube.com/watch?v=5ScgYHxkcws,https://www.youtube.com/channel/UCE6acMV3m35znLcf0JGNn7Q/shorts,Gibi ASMR,UCE6acMV3m35znLcf0JGNn7Q,2026-08-07,60,1080,1920,60,119127,5086.0,"[""gibi"",""asmr"",""gibi asmr"",""for sleep"",""relax"",""relaxing"",""stress relief"",""asmr sleep"",""sleep aid""]",mp4,asmr,True
5fJhGJGQ9a0,USA! We’re bringing our “The Future Is Vintage” World Tour your way this fall.,https://www.youtube.com/watch?v=5fJhGJGQ9a0,https://www.youtube.com/channel/UCORIeT1hk6tYBuntEXsguLg/shorts,PostmodernJukebox,UCORIeT1hk6tYBuntEXsguLg,2026-08-03,16,1080,1920,30,24212,480.0,[],mp4,music_performance,True
5llnmwAfiKQ,Making the smell of death (putrescine),https://www.youtube.com/watch?v=5llnmwAfiKQ,https://www.youtube.com/channel/UCFhXFikryT4aFcLkLw2LBLA/shorts,NileRed,UCFhXFikryT4aFcLkLw2LBLA,2022-04-12,60,720,1280,30,11968503,957585.0,"[""nilered"",""nile"",""red"",""science"",""chemistry"",""smell"",""odor"",""stench"",""putrescine"",""ornithing"",""death"",""rotting""]",mp4,high_speed_science,True
5nOzOz7lLqc,Blind guardian trains his genius pet dog #shorts,https://www.youtube.com/watch?v=5nOzOz7lLqc,https://www.youtube.com/channel/UC6zbH1Z4G32bBV9wyK6ikPA/shorts,Kritter Klub,UC6zbH1Z4G32bBV9wyK6ikPA,2025-04-17,31,360,640,24,7301,268.0,[],mp4,animals_pets,True
60t6kQZxt6Y,I DESTROYED EVERYTHING!!,https://www.youtube.com/watch?v=60t6kQZxt6Y,https://www.youtube.com/channel/UCF0_hwTeQ73IhJuEtsUbEtA/shorts,Sofie Dossi,UCF0_hwTeQ73IhJuEtsUbEtA,2022-12-01,36,720,1280,30,23705610,891433.0,"[""sofie dossi"",""sofie"",""sofie dossi shorts"",""shorts"",""I'm mad"",""Starbucks"",""rage room"",""Sofie Dossi mad""]",mp4,dance,True
65pT1vHZmzs,WowCube Wrapped Flawlessly 🎁 Order Now! #wowcube,https://www.youtube.com/watch?v=65pT1vHZmzs,https://www.youtube.com/channel/UC295-Dw_tDNtZXFeAPAW6Aw/shorts,5-Minute Crafts,UC295-Dw_tDNtZXFeAPAW6Aw,2025-11-09,18,1080,1920,25,487449,3625.0,"[""5 minute craft"",""5 minutes craft"",""5-minute crafts"",""crafts"",""diy"",""diy activities"",""diy projects"",""do it yourself"",""handcraft"",""howto"",""life hacks"",""lifehacks"",""proyectos faciles"",""tips"",""tricks"",""trucos"",""trucos de belliza"",""tutorial"",""useful things""]",mp4,diy_crafts,True
6EYWniWuPQM,I accidentally killed this magnet,https://www.youtube.com/watch?v=6EYWniWuPQM,https://www.youtube.com/channel/UCFhXFikryT4aFcLkLw2LBLA/shorts,NileRed,UCFhXFikryT4aFcLkLw2LBLA,2023-08-10,60,1080,1920,60,191667370,8027616.0,"[""nilered"",""nile"",""red"",""science"",""chemistry"",""neodymium"",""magnet"",""magnetize"",""demagnetize"",""machine""]",mp4,high_speed_science,True
6Ntjk-RlqEw,ASMR - Where is Mob when you need him?! #shorts,https://www.youtube.com/watch?v=6Ntjk-RlqEw,https://www.youtube.com/channel/UCE6acMV3m35znLcf0JGNn7Q/shorts,Gibi ASMR,UCE6acMV3m35znLcf0JGNn7Q,2026-03-25,60,1080,1920,60,100004,3220.0,[],mp4,asmr,True
6SDvfK90gZ8,This is dangerous hydrogen gas and I'm gonna light it on fire,https://www.youtube.com/watch?v=6SDvfK90gZ8,https://www.youtube.com/channel/UCFhXFikryT4aFcLkLw2LBLA/shorts,NileRed,UCFhXFikryT4aFcLkLw2LBLA,2021-12-09,51,1080,1920,60,16883523,1188959.0,"[""nilered"",""nile"",""red"",""science"",""chemistry"",""hydrogen"",""balloon"",""explode"",""fire"",""flammable"",""helium"",""inert"",""pop""]",mp4,high_speed_science,True
6W-9aIxTHAI,Simon's Cat is an Animal Lover | Simon's Cat Extra | #shortsfeed,https://www.youtube.com/watch?v=6W-9aIxTHAI,https://www.youtube.com/channel/UCE3pZOwArJXDOQjcQsiQT_w/shorts,Simon's Cat Extra,UCE3pZOwArJXDOQjcQsiQT_w,2025-04-06,56,1080,1920,25,13907,651.0,"[""simon's cat"",""simons cat"",""simons cats"",""simon's katze"",""simon tofield"",""simon the cat"",""simona”"",""Simon"",""Tofield"",""simonscat"",""animated cats"",""animated animals"",""animal (film character)"",""black and white"",""black and white cat"",""cat lovers"",""cat fails"",""cute cats"",""funny cat"",""funny cats"",""kids"",""“for"",""kids”"",""short animation"",""Animated"",""Animation"",""cartoon"",""cartoons"",""Cat"",""cats"",""cute"",""fail"",""fun"",""Funny"",""Humour"",""kitten"",""kittens"",""kitty"",""pets"",""Toons"",""videos""]",mp4,animation_edu,True
6mpO_ifNt9A,"Welcome back to the PMJ universe, where today's hits become tomorrow's golden oldies 💫",https://www.youtube.com/watch?v=6mpO_ifNt9A,https://www.youtube.com/channel/UCORIeT1hk6tYBuntEXsguLg/shorts,PostmodernJukebox,UCORIeT1hk6tYBuntEXsguLg,2026-07-14,29,720,1280,24,73031,1755.0,[],mp4,music_performance,True
6phlBV5VzRU,Watch the full video here!!⬆️⬆️⬆️,https://www.youtube.com/watch?v=6phlBV5VzRU,https://www.youtube.com/channel/UC56D-IHcUvLVFTX_8NpQMXg/shorts,Brent Rivera,UC56D-IHcUvLVFTX_8NpQMXg,2026-04-14,9,1080,1920,30,947881,10336.0,[],mp4,comedy_sketch,True
6rSuiF77II0,Zooming in on our new Blush Filter Palettes 🔍 #blushfilterpalette #asmr #makeuptextures,https://www.youtube.com/watch?v=6rSuiF77II0,https://www.youtube.com/channel/UCRSvEADlY-caz3sfDNwvR1A/shorts,Huda Beauty,UCRSvEADlY-caz3sfDNwvR1A,2025-11-03,17,1080,1920,24,190015,5116.0,[],mp4,beauty_fashion,True
6uCop3Ug5OQ,Some Surprising Eponyms,https://www.youtube.com/watch?v=6uCop3Ug5OQ,https://www.youtube.com/channel/UC6nSFpj9HTCZ5t-N3Rm3-HA/shorts,Vsauce,UC6nSFpj9HTCZ5t-N3Rm3-HA,2024-07-04,60,1080,1920,30,8042322,676316.0,[],mp4,education_howto,True
6vYBwzAxw3E,"Bees don't just work hard, they play hard #SecretsOfTheBees",https://www.youtube.com/watch?v=6vYBwzAxw3E,https://www.youtube.com/channel/UCpVm7bg6pXKo1Pr6k5kxG9A/shorts,National Geographic,UCpVm7bg6pXKo1Pr6k5kxG9A,2026-04-02,45,1080,1920,24,18375,507.0,"[""National Geographic"",""Nat Geo docs"",""Animals Lover"",""Wildlife"",""Survival 4k"",""Nature video"",""Photography 4k"",""Mystery"",""Bertie Gregory"",""Bees video"",""Hive"",""Life of Bees"",""Honey bee"",""Bee Hives"",""Pollination"",""Bumblebee"",""bee facts"",""Nat Geo Animals"",""Pollinators"",""Secrets of the Bees"",""Disney+"",""Hulu"",""Wildlife documentary"",""Docuseries"",""Insect"",""Drone Bees"",""Worker Bees"",""Pollen"",""Queen Bees"",""Nat Geo Explorer"",""Dr. Alice Bridges"",""Bee Workers"",""Exploring 4k"",""Entomology"",""Entomologist"",""Dr. Sammy Ramsey"",""Bee""]",mp4,nature_wildlife,True
6y-GZp_UUUo,This is the New Siri!,https://www.youtube.com/watch?v=6y-GZp_UUUo,https://www.youtube.com/channel/UCBJycsmduvYEL83R_U4JriQ/shorts,Marques Brownlee,UCBJycsmduvYEL83R_U4JriQ,2024-07-30,58,1080,1920,30,3321899,139268.0,[],mp4,tech_review,True
6ymdm-TI0jU,Can’t Believe This Happened! 💰,https://www.youtube.com/watch?v=6ymdm-TI0jU,https://www.youtube.com/channel/UC5f5IV0Bf79YLp_p9nfInRA/shorts,How Ridiculous,UC5f5IV0Bf79YLp_p9nfInRA,2025-05-13,32,1080,1920,50,721698,12060.0,[],mp4,sports_trick_shots,True
729_fCm1loo,when you expect too much..,https://www.youtube.com/watch?v=729_fCm1loo,https://www.youtube.com/channel/UCCgLoMYIyP0U56dEhEL1wXQ/shorts,Chloe Ting,UCCgLoMYIyP0U56dEhEL1wXQ,2023-02-27,8,1080,1920,60,1238655,38596.0,"[""shorts"",""japantravel"",""japan"",""osaka光のルネサンス"",""osaka"",""nara"",""narapark"",""deers"",""instagramvsreality"",""expectationsvsreality"",""travel"",""tiktok"",""tiktokvideo"",""instagram"",""reality"",""chloeting"",""chloetingchallenge""]",mp4,fitness,True
75km-3QMdsw,I Tried The Most Dangerous Street Snack In Bangladesh,https://www.youtube.com/watch?v=75km-3QMdsw,https://www.youtube.com/channel/UC0Ize0RLIbGdH5x4wI45G-A/shorts,Drew Binsky,UC0Ize0RLIbGdH5x4wI45G-A,2025-11-25,21,1080,1920,24,6127280,92959.0,[],mp4,travel_adventure,True
78VvWv6G3z0,This Is A Light-Nanosecond!,https://www.youtube.com/watch?v=78VvWv6G3z0,https://www.youtube.com/channel/UC6nSFpj9HTCZ5t-N3Rm3-HA/shorts,Vsauce,UC6nSFpj9HTCZ5t-N3Rm3-HA,2024-07-17,60,1080,1920,30,23378148,1398585.0,[],mp4,education_howto,True
7MRQk-MVmnA,Only My Toes Held Her Up!!,https://www.youtube.com/watch?v=7MRQk-MVmnA,https://www.youtube.com/channel/UCF0_hwTeQ73IhJuEtsUbEtA/shorts,Sofie Dossi,UCF0_hwTeQ73IhJuEtsUbEtA,2024-09-28,30,1080,1920,30,1208212,50406.0,"[""Sofie Dossi"",""Agt"",""America’s got talent"",""Contortion"",""Flexibility"",""Point"",""Ballerina"",""Point shoes"",""Ashlee Montague"",""Bendy"",""Bendy girl"",""Splits"",""Warehouse"",""Sofie Dossi fantasy league"",""Fantasy league""]",mp4,dance,True
7RdEa-lhxS0,How to Keep Your Cat Happy | Simon's Cat Extra #shortsfeed,https://www.youtube.com/watch?v=7RdEa-lhxS0,https://www.youtube.com/channel/UCE3pZOwArJXDOQjcQsiQT_w/shorts,Simon's Cat Extra,UCE3pZOwArJXDOQjcQsiQT_w,2025-04-14,47,1080,1920,25,18378,788.0,"[""simon's cat"",""simons cat"",""simons cats"",""simon's katze"",""simon tofield"",""simon the cat"",""simona”"",""Simon"",""Tofield"",""simonscat"",""animated cats"",""animated animals"",""animal (film character)"",""black and white"",""black and white cat"",""cat lovers"",""cat fails"",""cute cats"",""funny cat"",""funny cats"",""kids"",""“for"",""kids”"",""short animation"",""Animated"",""Animation"",""cartoon"",""cartoons"",""Cat"",""cats"",""cute"",""fail"",""fun"",""Funny"",""Humour"",""kitten"",""kittens"",""kitty"",""pets"",""Toons"",""videos""]",mp4,animation_edu,True
7aE4EhHXzlA,I Paid Everyone Stuck in Traffic,https://www.youtube.com/watch?v=7aE4EhHXzlA,https://www.youtube.com/channel/UCX6OQ3DkcsbYNE6H8uQQuVA/shorts,MrBeast,UCX6OQ3DkcsbYNE6H8uQQuVA,2025-12-26,27,1080,1920,30,102013183,2835560.0,[],mp4,challenge_stunts,True
7dbumlHNcpo,DO IT 🪥😉,https://www.youtube.com/watch?v=7dbumlHNcpo,https://www.youtube.com/channel/UC5f5IV0Bf79YLp_p9nfInRA/shorts,How Ridiculous,UC5f5IV0Bf79YLp_p9nfInRA,2026-08-11,35,1080,1920,30,374943,7211.0,[],mp4,sports_trick_shots,True
7kdf_AkqvP0,Our planet is a wondrous solar powerhouse 🌞✨ #OneStrangeRock #StepIntoWonder,https://www.youtube.com/watch?v=7kdf_AkqvP0,https://www.youtube.com/channel/UCpVm7bg6pXKo1Pr6k5kxG9A/shorts,National Geographic,UCpVm7bg6pXKo1Pr6k5kxG9A,2026-04-25,31,1080,1920,24,27534,769.0,"[""National Geographic"",""Exploring 4k"",""Survival 4k"",""Nature videos"",""Culture"",""Documentary Nat Geo"",""Photography 4k"",""History"",""Mystery"",""Step Into Wonder"",""Disney+"",""Hulu"",""Docuseries"",""Nature Documentary"",""Earth Month"",""Earth Day"",""TV show"",""Migration videos"",""Marine Life"",""Explore with Us"",""Earth"",""Welcome to Earth"",""Solar Powerhouse"",""Rainfalls"",""Wonders of Night"",""Explore"",""Solar Power"",""One Strange Rock"",""Sunlight"",""Solar Plant"",""Incredible Energy"",""nat geo"",""solar energy basics"",""short"",""Will Smith"",""Actor""]",mp4,nature_wildlife,True
7qSCjJ-B7Qg,Welcome to another era...💙 What song should we cover next?,https://www.youtube.com/watch?v=7qSCjJ-B7Qg,https://www.youtube.com/channel/UCORIeT1hk6tYBuntEXsguLg/shorts,PostmodernJukebox,UCORIeT1hk6tYBuntEXsguLg,2026-08-10,36,720,1280,30,74782,2283.0,[],mp4,music_performance,True
7tXzjh__yyA,WowCube DIY Twist 🤯 Order Now! #wowcube,https://www.youtube.com/watch?v=7tXzjh__yyA,https://www.youtube.com/channel/UC295-Dw_tDNtZXFeAPAW6Aw/shorts,5-Minute Crafts,UC295-Dw_tDNtZXFeAPAW6Aw,2025-10-26,16,1080,1920,25,385642,1830.0,"[""5 minute craft"",""5 minutes craft"",""5-minute crafts"",""crafts"",""diy"",""diy activities"",""diy projects"",""do it yourself"",""handcraft"",""howto"",""life hacks"",""lifehacks"",""proyectos faciles"",""tips"",""tricks"",""trucos"",""trucos de belliza"",""tutorial"",""useful things""]",mp4,diy_crafts,True
7uHu-DrhnGI,Help! My Cat Won't Leave Me Alone #shortsfeed,https://www.youtube.com/watch?v=7uHu-DrhnGI,https://www.youtube.com/channel/UCE3pZOwArJXDOQjcQsiQT_w/shorts,Simon's Cat Extra,UCE3pZOwArJXDOQjcQsiQT_w,2025-05-24,56,1080,1920,25,37202,1799.0,"[""simon's cat"",""simons cat"",""simons cats"",""simon's katze"",""simon tofield"",""simon the cat"",""simona”"",""Simon"",""Tofield"",""simonscat"",""animated cats"",""animated animals"",""animal (film character)"",""black and white"",""black and white cat"",""cat lovers"",""cat fails"",""cute cats"",""funny cat"",""funny cats"",""kids"",""“for"",""kids”"",""short animation"",""Animated"",""Animation"",""cartoon"",""cartoons"",""Cat"",""cats"",""cute"",""fail"",""fun"",""Funny"",""Humour"",""kitten"",""kittens"",""kitty"",""pets"",""Toons"",""videos""]",mp4,animation_edu,True
7xwBsAQyhrw,Huda Reacts: Creator's FLAWLESS Skin with Easy Blur Foundation ✨ #complexion #nofilter,https://www.youtube.com/watch?v=7xwBsAQyhrw,https://www.youtube.com/channel/UCRSvEADlY-caz3sfDNwvR1A/shorts,Huda Beauty,UCRSvEADlY-caz3sfDNwvR1A,2025-10-19,36,1080,1920,24,130605,2922.0,[],mp4,beauty_fashion,True
7yBesPhlQKc,"❌ No filters, just Easy Bake Pressed + Loose.",https://www.youtube.com/watch?v=7yBesPhlQKc,https://www.youtube.com/channel/UCRSvEADlY-caz3sfDNwvR1A/shorts,Huda Beauty,UCRSvEADlY-caz3sfDNwvR1A,2026-01-26,46,1080,1920,24,428016,10259.0,[],mp4,beauty_fashion,True
8GCaReIUSI4,WowCube as a Night Lamp! 🌙🤩 #wowcube,https://www.youtube.com/watch?v=8GCaReIUSI4,https://www.youtube.com/channel/UC295-Dw_tDNtZXFeAPAW6Aw/shorts,5-Minute Crafts,UC295-Dw_tDNtZXFeAPAW6Aw,2025-09-28,45,1080,1920,25,333560,2438.0,"[""5 minute craft"",""5 minutes craft"",""5-minute crafts"",""crafts"",""diy"",""diy activities"",""diy projects"",""do it yourself"",""handcraft"",""howto"",""life hacks"",""lifehacks"",""proyectos faciles"",""tips"",""tricks"",""trucos"",""trucos de belliza"",""tutorial"",""useful things""]",mp4,diy_crafts,True
8Hdt2jS1aQM,Guardian neglects dog for 7 months #shorts,https://www.youtube.com/watch?v=8Hdt2jS1aQM,https://www.youtube.com/channel/UC6zbH1Z4G32bBV9wyK6ikPA/shorts,Kritter Klub,UC6zbH1Z4G32bBV9wyK6ikPA,2025-02-14,42,1080,1920,24,8235,621.0,"[""animalvideo"",""animals"",""kritterklub"",""Kritterklub"",""kritterklubanimal""]",mp4,animals_pets,True
8PATVVkEZXQ,I Can’t Believe How It Tasted,https://www.youtube.com/watch?v=8PATVVkEZXQ,https://www.youtube.com/channel/UCF0_hwTeQ73IhJuEtsUbEtA/shorts,Sofie Dossi,UCF0_hwTeQ73IhJuEtsUbEtA,2025-06-29,15,1080,1920,30,844034,15727.0,"[""sofie dossi"",""benson Boone"",""moon beam ice cream"",""contortion"",""flexibility"",""singing"",""new song""]",mp4,dance,True
8RUrT_O79G4,I did it!!,https://www.youtube.com/watch?v=8RUrT_O79G4,https://www.youtube.com/channel/UC56D-IHcUvLVFTX_8NpQMXg/shorts,Brent Rivera,UC56D-IHcUvLVFTX_8NpQMXg,2026-01-19,43,1080,1920,30,2517521,51956.0,[],mp4,comedy_sketch,True
8UTSWbS3A1Y,I Tried The World's Cheapest Massage (Bangladesh),https://www.youtube.com/watch?v=8UTSWbS3A1Y,https://www.youtube.com/channel/UC0Ize0RLIbGdH5x4wI45G-A/shorts,Drew Binsky,UC0Ize0RLIbGdH5x4wI45G-A,2025-11-26,30,1080,1920,30,120548,2971.0,[],mp4,travel_adventure,True
8WRSchRr3vY,Dog mill breeds cats for better revenue #shorts,https://www.youtube.com/watch?v=8WRSchRr3vY,https://www.youtube.com/channel/UC6zbH1Z4G32bBV9wyK6ikPA/shorts,Kritter Klub,UC6zbH1Z4G32bBV9wyK6ikPA,2025-05-15,35,360,640,24,8444,214.0,[],mp4,animals_pets,True
8o_FNZt5sBo,When was the last time you thanked a bee? #SecretsOfTheBees,https://www.youtube.com/watch?v=8o_FNZt5sBo,https://www.youtube.com/channel/UCpVm7bg6pXKo1Pr6k5kxG9A/shorts,National Geographic,UCpVm7bg6pXKo1Pr6k5kxG9A,2026-04-22,47,1080,1920,24,19891,649.0,"[""National Geographic"",""Nat Geo docs"",""Animals Lover"",""Wildlife"",""Survival 4k"",""Nature videos"",""Photography 4k"",""Mystery"",""Bertie Gregory"",""Bees video"",""Hive"",""Life of Bees"",""Honey bee"",""Bee Hive"",""Pollination"",""bee documentary"",""bee facts"",""Nat Geo Animals"",""Pollinator"",""Secrets of the Bees"",""Disney+"",""Hulu"",""Wildlife documentary"",""Insect"",""Worker Bees"",""Nat Geo Explorer"",""Exploring 4k"",""Eggs"",""Pollen"",""Yellow Dust"",""Pollen Basket"",""Docuseries"",""Queen Bee"",""Vulture bee"",""Bee species"",""BTS"",""Short"",""Happy Earth Day""]",mp4,nature_wildlife,True
8tDwIOjWYuk,Which is NOT cake!🍰,https://www.youtube.com/watch?v=8tDwIOjWYuk,https://www.youtube.com/channel/UC56D-IHcUvLVFTX_8NpQMXg/shorts,Brent Rivera,UC56D-IHcUvLVFTX_8NpQMXg,2026-05-02,38,1080,1920,30,3943435,59151.0,[],mp4,comedy_sketch,True
90CgAj2_mt4,They Told Me Not To Go Here (Africa’s Most Dangerous Slum),https://www.youtube.com/watch?v=90CgAj2_mt4,https://www.youtube.com/channel/UC0Ize0RLIbGdH5x4wI45G-A/shorts,Drew Binsky,UC0Ize0RLIbGdH5x4wI45G-A,2026-03-03,45,1080,1920,24,4829893,73759.0,[],mp4,travel_adventure,True
9Agqgx0ABMY,"Subscribe to @TotallySpiesChannel 💥 A must-watch blend of comedy, action, and drama",https://www.youtube.com/watch?v=9Agqgx0ABMY,https://www.youtube.com/channel/UC295-Dw_tDNtZXFeAPAW6Aw/shorts,5-Minute Crafts,UC295-Dw_tDNtZXFeAPAW6Aw,2025-09-22,38,1080,1920,30,682183,5744.0,[],mp4,diy_crafts,True
9EFBQp_iyNI,FEED.ME! #shortsfeed #simonscat,https://www.youtube.com/watch?v=9EFBQp_iyNI,https://www.youtube.com/channel/UCE3pZOwArJXDOQjcQsiQT_w/shorts,Simon's Cat Extra,UCE3pZOwArJXDOQjcQsiQT_w,2025-05-15,46,1080,1920,25,27355,1596.0,"[""simon's cat"",""simons cat"",""simons cats"",""simon's katze"",""simon tofield"",""simon the cat"",""simona”"",""Simon"",""Tofield"",""simonscat"",""animated cats"",""animated animals"",""animal (film character)"",""black and white"",""black and white cat"",""cat lovers"",""cat fails"",""cute cats"",""funny cat"",""funny cats"",""kids"",""“for"",""kids”"",""short animation"",""Animated"",""Animation"",""cartoon"",""cartoons"",""Cat"",""cats"",""cute"",""fail"",""fun"",""Funny"",""Humour"",""kitten"",""kittens"",""kitty"",""pets"",""Toons"",""videos""]",mp4,animation_edu,True
9GfBSUHrejQ,Stray VS Alpha Cat. The war between the two ends with..? #shorts,https://www.youtube.com/watch?v=9GfBSUHrejQ,https://www.youtube.com/channel/UC6zbH1Z4G32bBV9wyK6ikPA/shorts,Kritter Klub,UC6zbH1Z4G32bBV9wyK6ikPA,2025-01-17,28,1080,1920,24,14529,442.0,"[""animalvideo"",""animals"",""kritterklub"",""Kritterklub"",""kritterklubanimal""]",mp4,animals_pets,True
9JRZchZlWnc,SPINNING Untill I Reach 10 Million Subscribers,https://www.youtube.com/watch?v=9JRZchZlWnc,https://www.youtube.com/channel/UCF0_hwTeQ73IhJuEtsUbEtA/shorts,Sofie Dossi,UCF0_hwTeQ73IhJuEtsUbEtA,2024-05-25,37,1080,1920,25,910397,41107.0,"[""Sofie Dossi"",""Aerials"",""Contortion"",""Flexibility"",""10 million subscribers"",""Acrobatics"",""Spinning"",""Agt""]",mp4,dance,True
9e_L4IfyCBU,An amazing time seeing the@TexasLonghorns facilities this week ! Hook ‘em 🤘🏻,https://www.youtube.com/watch?v=9e_L4IfyCBU,https://www.youtube.com/channel/UCIEv3lZ_tNXHzL3ox-_uUGQ/shorts,Gordon Ramsay,UCIEv3lZ_tNXHzL3ox-_uUGQ,2024-10-19,37,1080,1920,30,241265,9023.0,[],mp4,cooking_food,True
9w8hriPoeLg,Best of food. Best of travel. Best of the World NOW STREAMING,https://www.youtube.com/watch?v=9w8hriPoeLg,https://www.youtube.com/channel/UCpVm7bg6pXKo1Pr6k5kxG9A/shorts,National Geographic,UCpVm7bg6pXKo1Pr6k5kxG9A,2026-06-09,45,1080,1920,25,15554,200.0,"[""national geographic"",""nat geo"",""natgeo"",""animals"",""wildlife"",""science"",""explore"",""discover"",""survival"",""nature"",""culture"",""documentary"",""photography"",""ancient civilization"",""history"",""mystery""]",mp4,nature_wildlife,True
A-8jGIl5cj4,I don’t think anyone can help ​@Jesser cooking 😬,https://www.youtube.com/watch?v=A-8jGIl5cj4,https://www.youtube.com/channel/UCIEv3lZ_tNXHzL3ox-_uUGQ/shorts,Gordon Ramsay,UCIEv3lZ_tNXHzL3ox-_uUGQ,2026-02-15,46,1080,1920,24,193806,3375.0,[],mp4,cooking_food,True
A1FE1pDPxh8,I Traveled To Yemen’s Forbidden Island,https://www.youtube.com/watch?v=A1FE1pDPxh8,https://www.youtube.com/channel/UC0Ize0RLIbGdH5x4wI45G-A/shorts,Drew Binsky,UC0Ize0RLIbGdH5x4wI45G-A,2025-11-18,49,1080,1920,24,192328,6572.0,[],mp4,travel_adventure,True
A9UqKqAFMLQ,Balloon Pop Racing Vs @ChrisHemsworth & Brian Tyree Henry 🎈,https://www.youtube.com/watch?v=A9UqKqAFMLQ,https://www.youtube.com/channel/UC5f5IV0Bf79YLp_p9nfInRA/shorts,How Ridiculous,UC5f5IV0Bf79YLp_p9nfInRA,2024-09-18,55,1080,1920,50,48779238,1340859.0,"[""how ridiculous"",""rexy"",""44club""]",mp4,sports_trick_shots,True
ADILkWSU2rk,Word Challenge with Kid Alan!,https://www.youtube.com/watch?v=ADILkWSU2rk,https://www.youtube.com/channel/UC5gxP-2QqIh_09djvlm9Xcg/shorts,Alan's Universe,UC5gxP-2QqIh_09djvlm9Xcg,2026-07-12,29,1080,1920,30,1351518,22226.0,"[""alan chikin chow"",""alan chikin chow tiktok"",""alan chikin chow shorts"",""alan army"",""alan chicken chow"",""alan chicken show"",""alan chikin show""]",mp4,vfx_magic,True
AG5_MKl6yo8,I Tried Turkey's Most Painful Bath,https://www.youtube.com/watch?v=AG5_MKl6yo8,https://www.youtube.com/channel/UC0Ize0RLIbGdH5x4wI45G-A/shorts,Drew Binsky,UC0Ize0RLIbGdH5x4wI45G-A,2026-08-17,36,1080,1920,24,56724,1254.0,[],mp4,travel_adventure,True
ALcyB75lEc0,I Found A Village Full Of Twins,https://www.youtube.com/watch?v=ALcyB75lEc0,https://www.youtube.com/channel/UC0Ize0RLIbGdH5x4wI45G-A/shorts,Drew Binsky,UC0Ize0RLIbGdH5x4wI45G-A,2025-11-07,29,1080,1920,24,143132,3066.0,[],mp4,travel_adventure,True
ALghmqNSiG4,This Phone Shouldn't Exist...,https://www.youtube.com/watch?v=ALghmqNSiG4,https://www.youtube.com/channel/UCBJycsmduvYEL83R_U4JriQ/shorts,Marques Brownlee,UCBJycsmduvYEL83R_U4JriQ,2025-01-10,53,1080,1920,30,3164833,146589.0,[],mp4,tech_review,True
AN5Sf4Dkjfc,Lonely walrus misses her sister and cries.. #shorts,https://www.youtube.com/watch?v=AN5Sf4Dkjfc,https://www.youtube.com/channel/UC6zbH1Z4G32bBV9wyK6ikPA/shorts,Kritter Klub,UC6zbH1Z4G32bBV9wyK6ikPA,2025-04-04,42,1080,1920,24,4915,161.0,"[""animalvideo"",""animals"",""kritterklub"",""Kritterklub"",""kritterklubanimal""]",mp4,animals_pets,True
AQAMP2swBSE,"I'm BACK on #Roblox in Hell's Kitchen 2 ! Burn the salmon, and you'll burn with it 🔥",https://www.youtube.com/watch?v=AQAMP2swBSE,https://www.youtube.com/channel/UCIEv3lZ_tNXHzL3ox-_uUGQ/shorts,Gordon Ramsay,UCIEv3lZ_tNXHzL3ox-_uUGQ,2025-12-13,27,1080,1920,24,307685,8457.0,[],mp4,cooking_food,True
AWBsoArakNY,Who Has The Fastest Reaction Time?,https://www.youtube.com/watch?v=AWBsoArakNY,https://www.youtube.com/channel/UCX6OQ3DkcsbYNE6H8uQQuVA/shorts,MrBeast,UCX6OQ3DkcsbYNE6H8uQQuVA,2025-11-25,31,1080,1920,30,97953349,1945273.0,[],mp4,challenge_stunts,True
AWxUavZ2EoQ,IT WENT SO FAR,https://www.youtube.com/watch?v=AWxUavZ2EoQ,https://www.youtube.com/channel/UC5f5IV0Bf79YLp_p9nfInRA/shorts,How Ridiculous,UC5f5IV0Bf79YLp_p9nfInRA,2026-07-15,19,1080,1920,50,129817,2815.0,[],mp4,sports_trick_shots,True
AZ1ihabY6bI,when you're having a bad day,https://www.youtube.com/watch?v=AZ1ihabY6bI,https://www.youtube.com/channel/UCCgLoMYIyP0U56dEhEL1wXQ/shorts,Chloe Ting,UCCgLoMYIyP0U56dEhEL1wXQ,2023-06-19,18,1080,1920,60,624212,29971.0,"[""samoyed"",""seoul"",""day in my life"",""doggies"",""dogs"",""cute dogs"",""happy things"",""happy doggies"",""happiness"",""puppies"",""cute puppies"",""puppy"",""samoyed cafe""]",mp4,fitness,True
Afextx4J_Pg,Introducing our NEW Blush Filter Palettes...with a built-in highlighter ✨,https://www.youtube.com/watch?v=Afextx4J_Pg,https://www.youtube.com/channel/UCRSvEADlY-caz3sfDNwvR1A/shorts,Huda Beauty,UCRSvEADlY-caz3sfDNwvR1A,2025-10-27,26,1080,1920,24,189003,5295.0,[],mp4,beauty_fashion,True
AiF75LVt2gs,Shop Huda’s Fave Lip Combos – Up to 80% OFF on HudaBeauty.com Only! 😍,https://www.youtube.com/watch?v=AiF75LVt2gs,https://www.youtube.com/channel/UCRSvEADlY-caz3sfDNwvR1A/shorts,Huda Beauty,UCRSvEADlY-caz3sfDNwvR1A,2025-11-25,37,720,1280,24,4547636,93466.0,[],mp4,beauty_fashion,True
ApUPkWH7j7I,Can We Escape the Police?,https://www.youtube.com/watch?v=ApUPkWH7j7I,https://www.youtube.com/channel/UCF0_hwTeQ73IhJuEtsUbEtA/shorts,Sofie Dossi,UCF0_hwTeQ73IhJuEtsUbEtA,2026-05-22,32,720,1280,30,4433378,61273.0,[],mp4,dance,True
AvJLq8yS7lg,BOWLING BALL CATCH? 🎳,https://www.youtube.com/watch?v=AvJLq8yS7lg,https://www.youtube.com/channel/UC5f5IV0Bf79YLp_p9nfInRA/shorts,How Ridiculous,UC5f5IV0Bf79YLp_p9nfInRA,2025-12-05,35,1080,1920,25,2563125,29705.0,[],mp4,sports_trick_shots,True
Avc1V-p-iac,Riding the Metro in North Korea,https://www.youtube.com/watch?v=Avc1V-p-iac,https://www.youtube.com/channel/UC0Ize0RLIbGdH5x4wI45G-A/shorts,Drew Binsky,UC0Ize0RLIbGdH5x4wI45G-A,2025-12-02,49,1080,1920,30,398820,11813.0,[],mp4,travel_adventure,True
AvlQzRvdrIo,should I skip my workout today?,https://www.youtube.com/watch?v=AvlQzRvdrIo,https://www.youtube.com/channel/UCCgLoMYIyP0U56dEhEL1wXQ/shorts,Chloe Ting,UCCgLoMYIyP0U56dEhEL1wXQ,2026-02-10,9,1080,1920,30,249885,4416.0,[],mp4,fitness,True
B-GY8a8noko,onesies or two-piece? what would you wear #outfit,https://www.youtube.com/watch?v=B-GY8a8noko,https://www.youtube.com/channel/UCCgLoMYIyP0U56dEhEL1wXQ/shorts,Chloe Ting,UCCgLoMYIyP0U56dEhEL1wXQ,2024-05-29,7,1080,1920,60,759502,27119.0,[],mp4,fitness,True
B0YXPpbYokY,What city in Europe should Postmodern Jukebox tour next? ✨ 🌙 #postmodernjukebox #vintage #pmjtour,https://www.youtube.com/watch?v=B0YXPpbYokY,https://www.youtube.com/channel/UCORIeT1hk6tYBuntEXsguLg/shorts,PostmodernJukebox,UCORIeT1hk6tYBuntEXsguLg,2025-02-27,32,1080,1920,24,46223,1469.0,[],mp4,music_performance,True
B59HEPxDNWw,Can you guess the ASMR trigger from the sound? #shorts,https://www.youtube.com/watch?v=B59HEPxDNWw,https://www.youtube.com/channel/UCE6acMV3m35znLcf0JGNn7Q/shorts,Gibi ASMR,UCE6acMV3m35znLcf0JGNn7Q,2025-11-13,60,1080,1920,60,64067,2583.0,[],mp4,asmr,True
B9-PKVGdatM,HE LEANED IN FOR A KISS?!,https://www.youtube.com/watch?v=B9-PKVGdatM,https://www.youtube.com/channel/UCF0_hwTeQ73IhJuEtsUbEtA/shorts,Sofie Dossi,UCF0_hwTeQ73IhJuEtsUbEtA,2024-12-28,21,720,1280,30,676334,20633.0,"[""Sofie Dossi"",""Jake clark"",""Kiss"",""Kissing"",""Sofie Dossi boyfriend"",""Jake clark girlfriend"",""Bf"",""Gf"",""Contortion"",""Flexibility""]",mp4,dance,True
B9LizOAAoLg,I’m Granting Wishes For My Subscribers,https://www.youtube.com/watch?v=B9LizOAAoLg,https://www.youtube.com/channel/UCX6OQ3DkcsbYNE6H8uQQuVA/shorts,MrBeast,UCX6OQ3DkcsbYNE6H8uQQuVA,2026-05-07,16,1080,1920,30,697957674,5984425.0,[],mp4,challenge_stunts,True
B9aB-bqw9Eg,Their Last Move is Your First Move! (Part 2),https://www.youtube.com/watch?v=B9aB-bqw9Eg,https://www.youtube.com/channel/UC5gxP-2QqIh_09djvlm9Xcg/shorts,Alan's Universe,UC5gxP-2QqIh_09djvlm9Xcg,2026-07-09,22,1080,1920,30,3020069,44440.0,"[""alan chikin chow"",""alan chikin chow tiktok"",""alan chikin chow shorts"",""alan army"",""alan chicken chow"",""alan chicken show"",""alan chikin show""]",mp4,vfx_magic,True
BFBCxK1DzM8,Chelsea Got Sent to Jail? 👮‍♂️,https://www.youtube.com/watch?v=BFBCxK1DzM8,https://www.youtube.com/channel/UC5gxP-2QqIh_09djvlm9Xcg/shorts,Alan's Universe,UC5gxP-2QqIh_09djvlm9Xcg,2026-07-28,8,1080,1920,30,2780156,32845.0,"[""alan chikin chow"",""alan chikin chow tiktok"",""alan chikin chow shorts"",""alan army"",""alan chicken chow"",""alan chicken show"",""alan chikin show""]",mp4,vfx_magic,True
BRZMMPpWVg4,Knock it Off! | Simon's Cat Extra,https://www.youtube.com/watch?v=BRZMMPpWVg4,https://www.youtube.com/channel/UCE3pZOwArJXDOQjcQsiQT_w/shorts,Simon's Cat Extra,UCE3pZOwArJXDOQjcQsiQT_w,2025-04-12,54,1080,1920,25,18666,854.0,"[""simon's cat"",""simons cat"",""simons cats"",""simon's katze"",""simon tofield"",""simon the cat"",""simona”"",""Simon"",""Tofield"",""simonscat"",""animated cats"",""animated animals"",""animal (film character)"",""black and white"",""black and white cat"",""cat lovers"",""cat fails"",""cute cats"",""funny cat"",""funny cats"",""kids"",""“for"",""kids”"",""short animation"",""Animated"",""Animation"",""cartoon"",""cartoons"",""Cat"",""cats"",""cute"",""fail"",""fun"",""Funny"",""Humour"",""kitten"",""kittens"",""kitty"",""pets"",""Toons"",""videos""]",mp4,animation_edu,True
BrgcCz8hi-g,DIY magical shoes to feel like Cinderella 💎👠,https://www.youtube.com/watch?v=BrgcCz8hi-g,https://www.youtube.com/channel/UC295-Dw_tDNtZXFeAPAW6Aw/shorts,5-Minute Crafts,UC295-Dw_tDNtZXFeAPAW6Aw,2025-12-03,58,1080,1920,25,328654,4318.0,[],mp4,diy_crafts,True
C52SZiC2rlc,Turn a 5L bottle into genius storage—subscribe @pepperell.crafts! ♻️,https://www.youtube.com/watch?v=C52SZiC2rlc,https://www.youtube.com/channel/UC295-Dw_tDNtZXFeAPAW6Aw/shorts,5-Minute Crafts,UC295-Dw_tDNtZXFeAPAW6Aw,2025-07-16,34,1080,1920,25,452205,5279.0,[],mp4,diy_crafts,True
CHffuuXAvc4,"100th day since his dog died, another dog came into your life #shorts",https://www.youtube.com/watch?v=CHffuuXAvc4,https://www.youtube.com/channel/UC6zbH1Z4G32bBV9wyK6ikPA/shorts,Kritter Klub,UC6zbH1Z4G32bBV9wyK6ikPA,2025-02-13,42,1080,1920,24,2858,178.0,"[""animalvideo"",""animals"",""kritterklub"",""Kritterklub"",""kritterklubanimal""]",mp4,animals_pets,True
CIC5Tpa4ZWE,My 3 Scariest Travel Moments In Active War Zones,https://www.youtube.com/watch?v=CIC5Tpa4ZWE,https://www.youtube.com/channel/UC0Ize0RLIbGdH5x4wI45G-A/shorts,Drew Binsky,UC0Ize0RLIbGdH5x4wI45G-A,2026-07-13,46,1080,1920,30,224869,6559.0,[],mp4,travel_adventure,True
CRTjZTwIyI0,Something weird grows from this liquid,https://www.youtube.com/watch?v=CRTjZTwIyI0,https://www.youtube.com/channel/UCFhXFikryT4aFcLkLw2LBLA/shorts,NileRed,UCFhXFikryT4aFcLkLw2LBLA,2022-06-18,60,1080,1920,60,15640935,950854.0,"[""nilered"",""nile"",""red"",""science"",""chemistry"",""werid"",""ybco"",""superconductor"",""grow"",""liquid"",""glycine"",""nitrate"",""process""]",mp4,high_speed_science,True
CUcFE8iOu8s,Huda Beauty is donating in support of Palestinian agriculture and culture 🇵🇸🧡🍊,https://www.youtube.com/watch?v=CUcFE8iOu8s,https://www.youtube.com/channel/UCRSvEADlY-caz3sfDNwvR1A/shorts,Huda Beauty,UCRSvEADlY-caz3sfDNwvR1A,2025-08-01,56,720,1280,24,309421,14411.0,[],mp4,beauty_fashion,True
CdPlNvb9C4g,Alan's Universe is Coming to Netflix ⭐️,https://www.youtube.com/watch?v=CdPlNvb9C4g,https://www.youtube.com/channel/UC5gxP-2QqIh_09djvlm9Xcg/shorts,Alan's Universe,UC5gxP-2QqIh_09djvlm9Xcg,2026-07-13,58,1080,1920,30,9992220,202927.0,"[""alan chikin chow"",""alan chikin chow tiktok"",""alan chikin chow shorts"",""alan army"",""alan chicken chow"",""alan chicken show"",""alan chikin show""]",mp4,vfx_magic,True
Cjqy1dXdywE,Doing something weird with mercury,https://www.youtube.com/watch?v=Cjqy1dXdywE,https://www.youtube.com/channel/UCFhXFikryT4aFcLkLw2LBLA/shorts,NileRed,UCFhXFikryT4aFcLkLw2LBLA,2022-06-26,60,1080,1920,60,14122499,1024584.0,"[""nilered"",""nile"",""red"",""science"",""chemistry"",""mercury"",""element"",""sodium"",""metal"",""alkali"",""ammonium"",""amlagam""]",mp4,high_speed_science,True
ClE1HFyhVJw,IM NOT PLAYING😂,https://www.youtube.com/watch?v=ClE1HFyhVJw,https://www.youtube.com/channel/UC56D-IHcUvLVFTX_8NpQMXg/shorts,Brent Rivera,UC56D-IHcUvLVFTX_8NpQMXg,2025-08-24,25,1080,1920,60,10229171,67493.0,[],mp4,comedy_sketch,True
ClL663xGgmw,ASMR - Gently Rolling Your Face #shorts,https://www.youtube.com/watch?v=ClL663xGgmw,https://www.youtube.com/channel/UCE6acMV3m35znLcf0JGNn7Q/shorts,Gibi ASMR,UCE6acMV3m35znLcf0JGNn7Q,2026-03-28,51,1080,1920,60,111559,4410.0,[],mp4,asmr,True
ClxXFeOwjOQ,Watch these chemicals react in mid-air!,https://www.youtube.com/watch?v=ClxXFeOwjOQ,https://www.youtube.com/channel/UCFhXFikryT4aFcLkLw2LBLA/shorts,NileRed,UCFhXFikryT4aFcLkLw2LBLA,2021-07-08,38,1080,1920,60,5061773,322799.0,"[""nilered"",""nile"",""red"",""science"",""chemistry"",""acid"",""hydrochloric acid"",""ammonia"",""react"",""mid-air"",""chemical"",""reaction""]",mp4,high_speed_science,True
Cq1sQmFJBF0,The Electric VW bus is LOADED,https://www.youtube.com/watch?v=Cq1sQmFJBF0,https://www.youtube.com/channel/UCBJycsmduvYEL83R_U4JriQ/shorts,Marques Brownlee,UCBJycsmduvYEL83R_U4JriQ,2024-07-31,51,1080,1920,30,10419645,432893.0,[],mp4,tech_review,True
Crqy0b9UfNo,It just kept on going,https://www.youtube.com/watch?v=Crqy0b9UfNo,https://www.youtube.com/channel/UC5f5IV0Bf79YLp_p9nfInRA/shorts,How Ridiculous,UC5f5IV0Bf79YLp_p9nfInRA,2024-12-27,28,1080,1920,25,67024930,1214085.0,[],mp4,sports_trick_shots,True
D2kJAZiSrBc,IT IS ALIVE,https://www.youtube.com/watch?v=D2kJAZiSrBc,https://www.youtube.com/channel/UC5f5IV0Bf79YLp_p9nfInRA/shorts,How Ridiculous,UC5f5IV0Bf79YLp_p9nfInRA,2026-07-01,38,1080,1920,50,245708,4982.0,[],mp4,sports_trick_shots,True
D8CHVL3rHrg,Toy Story Challenge w/ the AU Cast!,https://www.youtube.com/watch?v=D8CHVL3rHrg,https://www.youtube.com/channel/UC5gxP-2QqIh_09djvlm9Xcg/shorts,Alan's Universe,UC5gxP-2QqIh_09djvlm9Xcg,2026-07-07,25,1080,1920,30,12748987,190472.0,"[""alan chikin chow"",""alan chikin chow tiktok"",""alan chikin chow shorts"",""alan army"",""alan chicken chow"",""alan chicken show"",""alan chikin show""]",mp4,vfx_magic,True
D8tR0-U-Wq4,ASMR - Showing you my dice collection :) #shorts,https://www.youtube.com/watch?v=D8tR0-U-Wq4,https://www.youtube.com/channel/UCE6acMV3m35znLcf0JGNn7Q/shorts,Gibi ASMR,UCE6acMV3m35znLcf0JGNn7Q,2026-02-23,60,1080,1920,60,123332,5801.0,[],mp4,asmr,True
D9H5i0bm5Bw,Gen alpha workouts 2025..,https://www.youtube.com/watch?v=D9H5i0bm5Bw,https://www.youtube.com/channel/UCCgLoMYIyP0U56dEhEL1wXQ/shorts,Chloe Ting,UCCgLoMYIyP0U56dEhEL1wXQ,2024-11-17,9,1080,1920,24,608626,8393.0,[],mp4,fitness,True
DBW1DyyC3a0,This started as a cutting board?! Subscribe @pepperell.crafts! 🌸,https://www.youtube.com/watch?v=DBW1DyyC3a0,https://www.youtube.com/channel/UC295-Dw_tDNtZXFeAPAW6Aw/shorts,5-Minute Crafts,UC295-Dw_tDNtZXFeAPAW6Aw,2025-07-14,60,1080,1920,24,391218,5442.0,[],mp4,diy_crafts,True
DD7A-3u-WaQ,ASMR - Coaster vs Coaster! You decide which wins! #shorts,https://www.youtube.com/watch?v=DD7A-3u-WaQ,https://www.youtube.com/channel/UCE6acMV3m35znLcf0JGNn7Q/shorts,Gibi ASMR,UCE6acMV3m35znLcf0JGNn7Q,2026-03-23,60,1080,1920,60,128101,4922.0,[],mp4,asmr,True
DEXxncfr2Ug,Tetr college is my kinda college! @tetrcollege,https://www.youtube.com/watch?v=DEXxncfr2Ug,https://www.youtube.com/channel/UC56D-IHcUvLVFTX_8NpQMXg/shorts,Brent Rivera,UC56D-IHcUvLVFTX_8NpQMXg,2026-03-30,58,720,1280,30,613378,10234.0,[],mp4,comedy_sketch,True
DFpexj1NZkA,Don’t be a plank…..#hellskitchen is on Roblox !,https://www.youtube.com/watch?v=DFpexj1NZkA,https://www.youtube.com/channel/UCIEv3lZ_tNXHzL3ox-_uUGQ/shorts,Gordon Ramsay,UCIEv3lZ_tNXHzL3ox-_uUGQ,2024-12-19,44,1080,1920,25,311132,13235.0,[],mp4,cooking_food,True
DGE0fS6t04Q,I Can’t Believe He Fell For This!,https://www.youtube.com/watch?v=DGE0fS6t04Q,https://www.youtube.com/channel/UCF0_hwTeQ73IhJuEtsUbEtA/shorts,Sofie Dossi,UCF0_hwTeQ73IhJuEtsUbEtA,2025-11-18,40,720,1280,30,1310769,13549.0,"[""Sofie Dossi"",""Shorts"",""Contortion"",""Flexibility"",""America’s got talent""]",mp4,dance,True
DMjUe_fXS-8,"Subscribe to @TotallySpiesChannel 💥 A must-watch blend of comedy, action, and drama",https://www.youtube.com/watch?v=DMjUe_fXS-8,https://www.youtube.com/channel/UC295-Dw_tDNtZXFeAPAW6Aw/shorts,5-Minute Crafts,UC295-Dw_tDNtZXFeAPAW6Aw,2025-10-05,53,1080,1920,25,339358,2948.0,"[""5 minute craft"",""5 minutes craft"",""5-minute crafts"",""crafts"",""diy"",""diy activities"",""diy projects"",""do it yourself"",""handcraft"",""howto"",""life hacks"",""lifehacks"",""proyectos faciles"",""tips"",""tricks"",""trucos"",""trucos de belliza"",""tutorial"",""useful things""]",mp4,diy_crafts,True
DSpsp7N-y7Y,Dog is refusing to eat #dogshorts,https://www.youtube.com/watch?v=DSpsp7N-y7Y,https://www.youtube.com/channel/UC6zbH1Z4G32bBV9wyK6ikPA/shorts,Kritter Klub,UC6zbH1Z4G32bBV9wyK6ikPA,2025-01-02,50,1080,1920,24,3486,226.0,"[""animalvideo"",""animals"",""kritterklub"",""Kritterklub"",""kritterklubanimal""]",mp4,animals_pets,True
DTgLos7-5qw,Recreating Our Own Viral Memes 🤪,https://www.youtube.com/watch?v=DTgLos7-5qw,https://www.youtube.com/channel/UC5gxP-2QqIh_09djvlm9Xcg/shorts,Alan's Universe,UC5gxP-2QqIh_09djvlm9Xcg,2026-07-20,19,1080,1920,30,1890458,23203.0,"[""alan chikin chow"",""alan chikin chow tiktok"",""alan chikin chow shorts"",""alan army"",""alan chicken chow"",""alan chicken show"",""alan chikin show""]",mp4,vfx_magic,True
DZwe8n5sAQw,My Twin Sister Got Revenge for Me,https://www.youtube.com/watch?v=DZwe8n5sAQw,https://www.youtube.com/channel/UC5gxP-2QqIh_09djvlm9Xcg/shorts,Alan's Universe,UC5gxP-2QqIh_09djvlm9Xcg,2026-07-25,37,1080,1920,30,1963115,35121.0,"[""alan chikin chow"",""alan chikin chow tiktok"",""alan chikin chow shorts"",""alan army"",""alan chicken chow"",""alan chicken show"",""alan chikin show""]",mp4,vfx_magic,True
Dca2tzxVewQ,What happens when @gordonramsay Hugh Jackman & @VancityReynolds get two tortillas ? This.,https://www.youtube.com/watch?v=Dca2tzxVewQ,https://www.youtube.com/channel/UCIEv3lZ_tNXHzL3ox-_uUGQ/shorts,Gordon Ramsay,UCIEv3lZ_tNXHzL3ox-_uUGQ,2024-07-29,60,1080,1920,25,1126465,61097.0,[],mp4,cooking_food,True
Df5Y-2ndQyU,"Read My Book, You Could Win $1,000,000",https://www.youtube.com/watch?v=Df5Y-2ndQyU,https://www.youtube.com/channel/UCX6OQ3DkcsbYNE6H8uQQuVA/shorts,MrBeast,UCX6OQ3DkcsbYNE6H8uQQuVA,2026-07-17,32,1080,1920,30,7943857,295260.0,[],mp4,challenge_stunts,True
Dmy1MSX5um4,What's inside these tree balls?,https://www.youtube.com/watch?v=Dmy1MSX5um4,https://www.youtube.com/channel/UCFhXFikryT4aFcLkLw2LBLA/shorts,NileRed,UCFhXFikryT4aFcLkLw2LBLA,2021-07-06,56,1080,1920,60,20775750,984014.0,"[""nilered"",""nile"",""red"",""science"",""chemistry"",""iron"",""gall"",""ink"",""black"",""tree"",""balls"",""oak"",""chemicals"",""tannins""]",mp4,high_speed_science,True
DtAtNp5NL1s,Our DARKEST Day,https://www.youtube.com/watch?v=DtAtNp5NL1s,https://www.youtube.com/channel/UC6nSFpj9HTCZ5t-N3Rm3-HA/shorts,Vsauce,UC6nSFpj9HTCZ5t-N3Rm3-HA,2024-07-15,59,1080,1920,30,11631191,903191.0,[],mp4,education_howto,True
DyEgh-kkkAA,I Reuploaded This Short 1000 Times!,https://www.youtube.com/watch?v=DyEgh-kkkAA,https://www.youtube.com/channel/UCBJycsmduvYEL83R_U4JriQ/shorts,Marques Brownlee,UCBJycsmduvYEL83R_U4JriQ,2024-11-02,57,1080,1920,30,3612058,236654.0,[],mp4,tech_review,True
E1plk6SS2o4,Word Challenge with Chelsea!,https://www.youtube.com/watch?v=E1plk6SS2o4,https://www.youtube.com/channel/UC5gxP-2QqIh_09djvlm9Xcg/shorts,Alan's Universe,UC5gxP-2QqIh_09djvlm9Xcg,2026-07-14,42,1080,1920,30,3528781,74309.0,"[""alan chikin chow"",""alan chikin chow tiktok"",""alan chikin chow shorts"",""alan army"",""alan chicken chow"",""alan chicken show"",""alan chikin show""]",mp4,vfx_magic,True
EDUqT2cZ1nY,iOS 26 Liquid Glass,https://www.youtube.com/watch?v=EDUqT2cZ1nY,https://www.youtube.com/channel/UCBJycsmduvYEL83R_U4JriQ/shorts,Marques Brownlee,UCBJycsmduvYEL83R_U4JriQ,2025-06-11,34,1080,1920,30,3399341,66272.0,"[""iOS 26"",""iOS26"",""liquid glass"",""MKBHD"",""iPhone 17""]",mp4,tech_review,True
EFvoCCRZWyI,This is worse than pure spiciness,https://www.youtube.com/watch?v=EFvoCCRZWyI,https://www.youtube.com/channel/UCFhXFikryT4aFcLkLw2LBLA/shorts,NileRed,UCFhXFikryT4aFcLkLw2LBLA,2022-01-09,50,1080,1920,60,35061433,2065394.0,"[""nilered"",""nile"",""red"",""science"",""chemistry"",""capsaicin"",""capsaisin"",""capcaicin"",""capcaisin"",""spiciness"",""heat"",""pepper"",""chili"",""habanero"",""spicy"",""spice"",""hot"",""sauce""]",mp4,high_speed_science,True
EV9QLV-rnRk,Some songs sound like they were always meant for another era.,https://www.youtube.com/watch?v=EV9QLV-rnRk,https://www.youtube.com/channel/UCORIeT1hk6tYBuntEXsguLg/shorts,PostmodernJukebox,UCORIeT1hk6tYBuntEXsguLg,2026-07-10,55,720,1280,30,104809,4259.0,[],mp4,music_performance,True
EdT5Z16Y5WE,"Would Your Dog Pick $10,000 or Steak?",https://www.youtube.com/watch?v=EdT5Z16Y5WE,https://www.youtube.com/channel/UCX6OQ3DkcsbYNE6H8uQQuVA/shorts,MrBeast,UCX6OQ3DkcsbYNE6H8uQQuVA,2026-04-29,32,1080,1920,30,77892669,1545687.0,[],mp4,challenge_stunts,True
EglXu7wuR1c,Sound on! 🔊,https://www.youtube.com/watch?v=EglXu7wuR1c,https://www.youtube.com/channel/UC5f5IV0Bf79YLp_p9nfInRA/shorts,How Ridiculous,UC5f5IV0Bf79YLp_p9nfInRA,2026-01-30,16,1080,1920,30,11515322,155986.0,[],mp4,sports_trick_shots,True
EkAHjPkvGSg,Two Slices of Bread. One Robot.,https://www.youtube.com/watch?v=EkAHjPkvGSg,https://www.youtube.com/channel/UCIEv3lZ_tNXHzL3ox-_uUGQ/shorts,Gordon Ramsay,UCIEv3lZ_tNXHzL3ox-_uUGQ,2025-07-30,22,1080,1920,24,325519,5528.0,"[""Gordon"",""Gordon Ramsay"",""Ramsay"",""Ramsey"",""Chef Ramsay"",""Recipe"",""Recipes"",""Food"",""Cooking"",""Cookery"",""kitchen nightmares"",""hotel hell"",""the f word"",""gordon ramsay likes the food"",""gordon ramsay burger"",""gordon ramsay steak"",""street food"",""pasta recipes"",""chicken recipe"",""Gordon ramsay kitchen nightmares"",""gordon ramsay hotel hell"",""gordon ramsay cooking"",""gordon ramsay funny moments"",""gordon ramsay recipes"",""gordon ramsay recipes chicken"",""gordon ramsay recipes dinner"",""gordon ramsay recipes breakfast""]",mp4,cooking_food,True
Eo-8wI4-10o,Custom Leather Case for My WowCube! 😎 #wowcube,https://www.youtube.com/watch?v=Eo-8wI4-10o,https://www.youtube.com/channel/UC295-Dw_tDNtZXFeAPAW6Aw/shorts,5-Minute Crafts,UC295-Dw_tDNtZXFeAPAW6Aw,2025-11-07,41,1080,1920,25,422125,2611.0,"[""5 minute craft"",""5 minutes craft"",""5-minute crafts"",""crafts"",""diy"",""diy activities"",""diy projects"",""do it yourself"",""handcraft"",""howto"",""life hacks"",""lifehacks"",""proyectos faciles"",""tips"",""tricks"",""trucos"",""trucos de belliza"",""tutorial"",""useful things""]",mp4,diy_crafts,True
EupTKqL3f1E,Only One English Word Has This Property,https://www.youtube.com/watch?v=EupTKqL3f1E,https://www.youtube.com/channel/UC6nSFpj9HTCZ5t-N3Rm3-HA/shorts,Vsauce,UC6nSFpj9HTCZ5t-N3Rm3-HA,2026-07-17,60,1080,1920,30,5289671,360415.0,[],mp4,education_howto,True
Euz9-ONllFk,"Coming to the #postmodernjukebox channel on Thursday, Dec 4🎄#alliwantforchristmasisyou #xmasmusic",https://www.youtube.com/watch?v=Euz9-ONllFk,https://www.youtube.com/channel/UCORIeT1hk6tYBuntEXsguLg/shorts,PostmodernJukebox,UCORIeT1hk6tYBuntEXsguLg,2025-11-27,22,1080,1920,23,120498,3808.0,[],mp4,music_performance,True
ExX9aYR-9Tk,"Playing the 1920s song, ""Margie"" on washboard",https://www.youtube.com/watch?v=ExX9aYR-9Tk,https://www.youtube.com/channel/UCORIeT1hk6tYBuntEXsguLg/shorts,PostmodernJukebox,UCORIeT1hk6tYBuntEXsguLg,2026-05-02,38,1080,1920,24,155186,3056.0,[],mp4,music_performance,True
F1zYatpqNSc,The HOTTEST Phone,https://www.youtube.com/watch?v=F1zYatpqNSc,https://www.youtube.com/channel/UCBJycsmduvYEL83R_U4JriQ/shorts,Marques Brownlee,UCBJycsmduvYEL83R_U4JriQ,2025-10-08,28,1080,1920,30,2339360,50137.0,[],mp4,tech_review,True
F3hixYlEa5I,Let's go 2026! You've got this #motivation,https://www.youtube.com/watch?v=F3hixYlEa5I,https://www.youtube.com/channel/UCCgLoMYIyP0U56dEhEL1wXQ/shorts,Chloe Ting,UCCgLoMYIyP0U56dEhEL1wXQ,2026-01-13,10,1080,1920,30,334277,8414.0,[],mp4,fitness,True
FHB8Bn3tYdY,The Sizes Of History,https://www.youtube.com/watch?v=FHB8Bn3tYdY,https://www.youtube.com/channel/UC6nSFpj9HTCZ5t-N3Rm3-HA/shorts,Vsauce,UC6nSFpj9HTCZ5t-N3Rm3-HA,2024-06-26,60,1080,1920,30,24010976,1777101.0,[],mp4,education_howto,True
FHa4ODq0ZVs,This cat finds himself in a sticky situation,https://www.youtube.com/watch?v=FHa4ODq0ZVs,https://www.youtube.com/channel/UCE3pZOwArJXDOQjcQsiQT_w/shorts,Simon's Cat Extra,UCE3pZOwArJXDOQjcQsiQT_w,2025-12-06,43,1080,1920,25,711175,18776.0,"[""Simon’s Cat"",""кот саймонаv"",""simon the cat"",""simon cat"",""simons cat color"",""funny cat cartoons"",""animations for cats"",""Cat funny cats"",""Stories about cats"",""simons cats videos"",""simon the cat thanksgiving"",""cat videos cute cat"",""cat videos for cats to watch"",""simon cat full episodes"",""simon cat videos"",""animated short film"",""cat entertainment videos"",""funny videos of cats and dogs"",""cat videos"",""simons cat vet"",""cat cartoon video"",""nature videos for cats""]",mp4,animation_edu,True
FKigf6Qmq-U,"SOMEONE’S BREAKUP GOT US A NEW ""WOW CUBE""! 💔➡️✨",https://www.youtube.com/watch?v=FKigf6Qmq-U,https://www.youtube.com/channel/UC295-Dw_tDNtZXFeAPAW6Aw/shorts,5-Minute Crafts,UC295-Dw_tDNtZXFeAPAW6Aw,2025-11-02,24,1080,1920,25,387436,2337.0,"[""5 minute craft"",""5 minutes craft"",""5-minute crafts"",""crafts"",""diy"",""diy activities"",""diy projects"",""do it yourself"",""handcraft"",""howto"",""life hacks"",""lifehacks"",""proyectos faciles"",""tips"",""tricks"",""trucos"",""trucos de belliza"",""tutorial"",""useful things""]",mp4,diy_crafts,True
FM39qzLW2gE,Time to get busy as a bee. Or buzzy as a bee. Or both. 🐝 #SecretsOfTheBees,https://www.youtube.com/watch?v=FM39qzLW2gE,https://www.youtube.com/channel/UCpVm7bg6pXKo1Pr6k5kxG9A/shorts,National Geographic,UCpVm7bg6pXKo1Pr6k5kxG9A,2026-04-18,47,1080,1920,24,20837,498.0,"[""National Geographic"",""Nat Geo docs"",""Animals Lover"",""Wildlife"",""Survival 4k"",""Nature videos"",""Photography 4k"",""Mystery"",""Bertie Gregory"",""Bees video"",""Hive"",""Life of Bees"",""Honey bee"",""Bee Hive"",""Pollination"",""bee documentary"",""bee facts"",""Nat Geo Animals"",""Pollinator"",""Secrets of the Bees"",""Disney+"",""Hulu"",""Wildlife documentary"",""Insect"",""Worker Bees"",""Nat Geo Explorer"",""Exploring 4k"",""Pollen"",""Busy Bee"",""Docuseries"",""Queen Bee"",""Vulture bee"",""Bee species"",""BTS"",""Short"",""Earth Month"",""Earth Day"",""docuseries"",""ASMR"",""Lofi""]",mp4,nature_wildlife,True
FU6JtXtnolg,There's nothing quite like experiencing Postmodern Jukebox live ❤️,https://www.youtube.com/watch?v=FU6JtXtnolg,https://www.youtube.com/channel/UCORIeT1hk6tYBuntEXsguLg/shorts,PostmodernJukebox,UCORIeT1hk6tYBuntEXsguLg,2026-07-22,32,1080,1920,25,14851,440.0,[],mp4,music_performance,True
FVXBKSzUr7E,ASMR - Even MORE triggers in 60 Seconds!,https://www.youtube.com/watch?v=FVXBKSzUr7E,https://www.youtube.com/channel/UCE6acMV3m35znLcf0JGNn7Q/shorts,Gibi ASMR,UCE6acMV3m35znLcf0JGNn7Q,2026-05-02,60,1080,1920,60,75205,2273.0,[],mp4,asmr,True
Fj2wEllylGg,I should have never opened it….,https://www.youtube.com/watch?v=Fj2wEllylGg,https://www.youtube.com/channel/UCF0_hwTeQ73IhJuEtsUbEtA/shorts,Sofie Dossi,UCF0_hwTeQ73IhJuEtsUbEtA,2025-09-07,42,1080,1920,30,541110,24923.0,"[""sofie dossi"",""sam and colby"",""sam and sofie"",""ghosts"",""paranormal"",""ghost hunting"",""contortion"",""horror"",""flexibility"",""scary"",""spooky"",""halloween"",""sam golbach""]",mp4,dance,True
Fpv8OH_Ct08,Sing that Word Challenge with the AU Team (Part 2),https://www.youtube.com/watch?v=Fpv8OH_Ct08,https://www.youtube.com/channel/UC5gxP-2QqIh_09djvlm9Xcg/shorts,Alan's Universe,UC5gxP-2QqIh_09djvlm9Xcg,2026-07-22,57,1080,1920,30,657786,14426.0,"[""alan chikin chow"",""alan chikin chow tiktok"",""alan chikin chow shorts"",""alan army"",""alan chicken chow"",""alan chicken show"",""alan chikin show""]",mp4,vfx_magic,True
Ft5nsXIUWx0,#hudabeauty #easybakeduo #makeup #asmr,https://www.youtube.com/watch?v=Ft5nsXIUWx0,https://www.youtube.com/channel/UCRSvEADlY-caz3sfDNwvR1A/shorts,Huda Beauty,UCRSvEADlY-caz3sfDNwvR1A,2025-09-25,16,720,1280,30,447707,5946.0,[],mp4,beauty_fashion,True
FwHUNUJSRGM,The weird and wonderful life cycle of a bee #SecretsOfTheBees,https://www.youtube.com/watch?v=FwHUNUJSRGM,https://www.youtube.com/channel/UCpVm7bg6pXKo1Pr6k5kxG9A/shorts,National Geographic,UCpVm7bg6pXKo1Pr6k5kxG9A,2026-04-15,60,1080,1920,24,3405,56.0,"[""National Geographic"",""Nat Geo docs"",""Animals Lover"",""Wildlife"",""Survival 4k"",""Nature videos"",""Photography 4k"",""Mystery"",""Bertie Gregory"",""Bees video"",""Hive"",""Life of Bees"",""Honey bee"",""Bee Hive"",""Pollination"",""bee documentary"",""bee facts"",""Nat Geo Animals"",""Pollinator"",""Secrets of the Bees"",""Disney+"",""Hulu"",""Wildlife documentary"",""Insect"",""Worker Bees"",""Nat Geo Explorer"",""Exploring 4k"",""Life Cycle of A Bee"",""Larva"",""Bertie & the Bees"",""Metamorphosis"",""Docuseries"",""Queen Bee"",""Vulture bees"",""Bee species"",""BTS""]",mp4,nature_wildlife,True
G3mWzKhLl8s,Macaroni Universe,https://www.youtube.com/watch?v=G3mWzKhLl8s,https://www.youtube.com/channel/UC6nSFpj9HTCZ5t-N3Rm3-HA/shorts,Vsauce,UC6nSFpj9HTCZ5t-N3Rm3-HA,2024-06-28,60,1080,1920,30,26288107,1590173.0,[],mp4,education_howto,True
GAdT6gYE54U,Genius idea... Bad execution,https://www.youtube.com/watch?v=GAdT6gYE54U,https://www.youtube.com/channel/UCBJycsmduvYEL83R_U4JriQ/shorts,Marques Brownlee,UCBJycsmduvYEL83R_U4JriQ,2025-10-03,42,1080,1920,30,11588791,300836.0,"[""great idea"",""bad execution"",""nothing earbuds"",""nothing ear 3"",""MKBHD"",""nothing ear"",""nothing ear 3 buds"",""case microphone"",""case mic"",""supermic"",""super mic""]",mp4,tech_review,True
GLGWF088pEs,🛞 Wheel it explode??,https://www.youtube.com/watch?v=GLGWF088pEs,https://www.youtube.com/channel/UC5f5IV0Bf79YLp_p9nfInRA/shorts,How Ridiculous,UC5f5IV0Bf79YLp_p9nfInRA,2026-03-11,38,1080,1920,50,10098112,182498.0,[],mp4,sports_trick_shots,True
GViV8D301n8,WowCube Art Time 🎨 Let’s Paint! #wowcube,https://www.youtube.com/watch?v=GViV8D301n8,https://www.youtube.com/channel/UC295-Dw_tDNtZXFeAPAW6Aw/shorts,5-Minute Crafts,UC295-Dw_tDNtZXFeAPAW6Aw,2025-09-25,25,1080,1920,25,397570,1816.0,"[""5 minute craft"",""5 minutes craft"",""5-minute crafts"",""crafts"",""diy"",""diy activities"",""diy projects"",""do it yourself"",""handcraft"",""howto"",""life hacks"",""lifehacks"",""proyectos faciles"",""tips"",""tricks"",""trucos"",""trucos de belliza"",""tutorial"",""useful things""]",mp4,diy_crafts,True
GVxmxeHbsSw,Huda Reacts: Creators' Reaction to Easy Bake Duos 🩷🧡 #easybakeduo #makeuplaunch,https://www.youtube.com/watch?v=GVxmxeHbsSw,https://www.youtube.com/channel/UCRSvEADlY-caz3sfDNwvR1A/shorts,Huda Beauty,UCRSvEADlY-caz3sfDNwvR1A,2025-10-20,59,576,1024,30,156932,3182.0,[],mp4,beauty_fashion,True
GXCZNfKldd8,My fave way to use Easy Bake Duo ❤️ excuse my broken Arabic guys 😂 #hudabeauty #easybakeduo,https://www.youtube.com/watch?v=GXCZNfKldd8,https://www.youtube.com/channel/UCRSvEADlY-caz3sfDNwvR1A/shorts,Huda Beauty,UCRSvEADlY-caz3sfDNwvR1A,2025-10-21,27,720,1280,30,561108,11597.0,[],mp4,beauty_fashion,True
Gb0nc2E_TYc,Can I get my uncle crown from @mrnigelng back ??? Not with burned buns 🫣,https://www.youtube.com/watch?v=Gb0nc2E_TYc,https://www.youtube.com/channel/UCIEv3lZ_tNXHzL3ox-_uUGQ/shorts,Gordon Ramsay,UCIEv3lZ_tNXHzL3ox-_uUGQ,2024-08-05,25,1080,1920,30,473126,17006.0,[],mp4,cooking_food,True
GeLAEztPfKo,THE ULTIMATE LIFE HACK…,https://www.youtube.com/watch?v=GeLAEztPfKo,https://www.youtube.com/channel/UCF0_hwTeQ73IhJuEtsUbEtA/shorts,Sofie Dossi,UCF0_hwTeQ73IhJuEtsUbEtA,2023-12-02,50,720,1280,30,56833149,1108633.0,"[""Sofie dossi"",""Shorts"",""Uno reverse"",""Life hack""]",mp4,dance,True
GfR9bhJrS54,ASMR - This Apothecary still makes potions the old fashioned way #shorts,https://www.youtube.com/watch?v=GfR9bhJrS54,https://www.youtube.com/channel/UCE6acMV3m35znLcf0JGNn7Q/shorts,Gibi ASMR,UCE6acMV3m35znLcf0JGNn7Q,2026-01-04,43,1080,1920,60,214088,6194.0,[],mp4,asmr,True
GhIELD-HDak,Hunter - Gatherer 🐾 🐈,https://www.youtube.com/watch?v=GhIELD-HDak,https://www.youtube.com/channel/UCE3pZOwArJXDOQjcQsiQT_w/shorts,Simon's Cat Extra,UCE3pZOwArJXDOQjcQsiQT_w,2025-06-12,37,1080,1920,30,24840,1050.0,"[""simon's cat"",""simons cat"",""simons cats"",""simon's katze"",""simon tofield"",""simon the cat"",""simona”"",""Simon"",""Tofield"",""simonscat"",""animated cats"",""animated animals"",""animal (film character)"",""black and white"",""black and white cat"",""cat lovers"",""cat fails"",""cute cats"",""funny cat"",""funny cats"",""kids"",""“for"",""kids”"",""short animation"",""Animated"",""Animation"",""cartoon"",""cartoons"",""Cat"",""cats"",""cute"",""fail"",""fun"",""Funny"",""Humour"",""kitten"",""kittens"",""kitty"",""pets"",""Toons"",""videos""]",mp4,animation_edu,True
GhyiUAgOZ4c,I WAS BARELY HOLDING ON!!,https://www.youtube.com/watch?v=GhyiUAgOZ4c,https://www.youtube.com/channel/UCF0_hwTeQ73IhJuEtsUbEtA/shorts,Sofie Dossi,UCF0_hwTeQ73IhJuEtsUbEtA,2024-09-14,60,720,1280,30,572824,25237.0,"[""Sofie Dossi"",""America’s got talent"",""Agt"",""Contortion"",""Flexibility"",""Aerials"",""Straps"",""Spine"",""Sarah James"",""Singing"",""Sing"",""Simon cowel"",""Heidi Klum"",""Sophia vagara"",""Howie mandel""]",mp4,dance,True
GixwHQaGQu8,🥺,https://www.youtube.com/watch?v=GixwHQaGQu8,https://www.youtube.com/channel/UC56D-IHcUvLVFTX_8NpQMXg/shorts,Brent Rivera,UC56D-IHcUvLVFTX_8NpQMXg,2026-01-19,8,1080,1920,30,4228723,45153.0,[],mp4,comedy_sketch,True
GolcEJypghw,DO I HAVE A SPINE? (part 2),https://www.youtube.com/watch?v=GolcEJypghw,https://www.youtube.com/channel/UCF0_hwTeQ73IhJuEtsUbEtA/shorts,Sofie Dossi,UCF0_hwTeQ73IhJuEtsUbEtA,2023-07-18,43,1080,1920,30,5535050,184348.0,"[""sofie dossi"",""sofie dossi spine"",""contortion"",""flexibility"",""spine"",""no spine"",""spine removed"",""bendy"",""agt""]",mp4,dance,True
Gp9m42Qn3yA,Rescue dog finally opens her heart #shorts,https://www.youtube.com/watch?v=Gp9m42Qn3yA,https://www.youtube.com/channel/UC6zbH1Z4G32bBV9wyK6ikPA/shorts,Kritter Klub,UC6zbH1Z4G32bBV9wyK6ikPA,2025-04-10,16,360,640,24,7758,330.0,[],mp4,animals_pets,True
GpVXn7vswOM,2020 - A Comprehensive Review,https://www.youtube.com/watch?v=GpVXn7vswOM,https://www.youtube.com/channel/UC7_YxT-KID8kRbqZo7MyscQ/shorts,Markiplier,UC7_YxT-KID8kRbqZo7MyscQ,2021-01-01,13,608,1080,60,5628902,554110.0,[],mp4,gaming,True
GyIivid4Ek0,ASMR - Avatar Box-set Sounds (Very niche trigger) #shorts,https://www.youtube.com/watch?v=GyIivid4Ek0,https://www.youtube.com/channel/UCE6acMV3m35znLcf0JGNn7Q/shorts,Gibi ASMR,UCE6acMV3m35znLcf0JGNn7Q,2026-04-11,60,1080,1920,60,251969,8335.0,[],mp4,asmr,True
H5Bpn2M3LOc,This is the Barking Dog experiment,https://www.youtube.com/watch?v=H5Bpn2M3LOc,https://www.youtube.com/channel/UCFhXFikryT4aFcLkLw2LBLA/shorts,NileRed,UCFhXFikryT4aFcLkLw2LBLA,2021-07-14,45,1080,1920,60,16684332,1147732.0,"[""nilered"",""nile"",""red"",""science"",""chemistry"",""barking"",""dog"",""experiment"",""nitrous"",""oxide"",""gas"",""carbon"",""disulfide"",""light"",""fire"",""blue""]",mp4,high_speed_science,True
HG7THSOVw_s,Learn these camping knots—subscribe @pepperell.crafts to master the outdoors! ⛺,https://www.youtube.com/watch?v=HG7THSOVw_s,https://www.youtube.com/channel/UC295-Dw_tDNtZXFeAPAW6Aw/shorts,5-Minute Crafts,UC295-Dw_tDNtZXFeAPAW6Aw,2025-07-09,26,1080,1920,24,371776,3172.0,[],mp4,diy_crafts,True
HISfrcjiNPM,I Surprised 50 Make-A-Wish Kids With Disneyland,https://www.youtube.com/watch?v=HISfrcjiNPM,https://www.youtube.com/channel/UCX6OQ3DkcsbYNE6H8uQQuVA/shorts,MrBeast,UCX6OQ3DkcsbYNE6H8uQQuVA,2025-11-21,29,1080,1920,30,51336097,1116768.0,[],mp4,challenge_stunts,True
HP_mXUuHPbo,Samsung broke this,https://www.youtube.com/watch?v=HP_mXUuHPbo,https://www.youtube.com/channel/UCBJycsmduvYEL83R_U4JriQ/shorts,Marques Brownlee,UCBJycsmduvYEL83R_U4JriQ,2025-06-14,51,1080,1920,30,7072463,263550.0,[],mp4,tech_review,True
HWHsSwZlzvM,A Day in the Life of a Cat 🐾 | Simon's Cat Extra | Short Comp #shorts,https://www.youtube.com/watch?v=HWHsSwZlzvM,https://www.youtube.com/channel/UCE3pZOwArJXDOQjcQsiQT_w/shorts,Simon's Cat Extra,UCE3pZOwArJXDOQjcQsiQT_w,2025-04-19,39,1080,1920,25,16646,676.0,"[""simon's cat"",""simons cat"",""simons cats"",""simon's katze"",""simon tofield"",""simon the cat"",""simona”"",""Simon"",""Tofield"",""simonscat"",""animated cats"",""animated animals"",""animal (film character)"",""black and white"",""black and white cat"",""cat lovers"",""cat fails"",""cute cats"",""funny cat"",""funny cats"",""kids"",""“for"",""kids”"",""short animation"",""cartoon"",""Cat"",""cute"",""fail"",""fun"",""Funny"",""Humour"",""kittens"",""kitty"",""pets"",""Toons"",""videos"",""videos for cats on youtube"",""funny funny funny animal videos""]",mp4,animation_edu,True
HeSE70Qob1o,WE CAN DO THIS!!😍🌮,https://www.youtube.com/watch?v=HeSE70Qob1o,https://www.youtube.com/channel/UC56D-IHcUvLVFTX_8NpQMXg/shorts,Brent Rivera,UC56D-IHcUvLVFTX_8NpQMXg,2026-07-13,39,1080,1920,30,10854377,534782.0,[],mp4,comedy_sketch,True
HkWMP7ou8O8,Their reactions🤣,https://www.youtube.com/watch?v=HkWMP7ou8O8,https://www.youtube.com/channel/UC56D-IHcUvLVFTX_8NpQMXg/shorts,Brent Rivera,UC56D-IHcUvLVFTX_8NpQMXg,2026-04-12,16,720,1280,30,1246023,13104.0,[],mp4,comedy_sketch,True
I7WS9dLezCk,The Body Deck,https://www.youtube.com/watch?v=I7WS9dLezCk,https://www.youtube.com/channel/UC6nSFpj9HTCZ5t-N3Rm3-HA/shorts,Vsauce,UC6nSFpj9HTCZ5t-N3Rm3-HA,2024-09-25,59,1080,1920,30,21656966,1280652.0,[],mp4,education_howto,True
I9kdeCAc-jg,ASMR - I bet you'll struggle with this trigger choice #shorts,https://www.youtube.com/watch?v=I9kdeCAc-jg,https://www.youtube.com/channel/UCE6acMV3m35znLcf0JGNn7Q/shorts,Gibi ASMR,UCE6acMV3m35znLcf0JGNn7Q,2026-03-22,60,1080,1920,60,169292,6322.0,[],mp4,asmr,True
IE1ttwugXTI,Don’t Break These 3 Laws In North Korea,https://www.youtube.com/watch?v=IE1ttwugXTI,https://www.youtube.com/channel/UC0Ize0RLIbGdH5x4wI45G-A/shorts,Drew Binsky,UC0Ize0RLIbGdH5x4wI45G-A,2026-06-27,35,1080,1920,30,232719,7189.0,[],mp4,travel_adventure,True
IFjQGNxdruk,He Is The World’s Shortest Man,https://www.youtube.com/watch?v=IFjQGNxdruk,https://www.youtube.com/channel/UC0Ize0RLIbGdH5x4wI45G-A/shorts,Drew Binsky,UC0Ize0RLIbGdH5x4wI45G-A,2025-12-05,26,1080,1920,24,157842,3173.0,[],mp4,travel_adventure,True
IJJd_kJeVYo,Paid content for Visit Maine.,https://www.youtube.com/watch?v=IJJd_kJeVYo,https://www.youtube.com/channel/UCpVm7bg6pXKo1Pr6k5kxG9A/shorts,National Geographic,UCpVm7bg6pXKo1Pr6k5kxG9A,2026-08-10,40,1080,1920,30,14642,197.0,"[""Nat Geo"",""The Maine Office of Tourism"",""Maine Tourism"",""Visit Maine"",""Maine Travel"",""Maine Vacation"",""Explore Maine"",""Maine Adventures"",""Travel Maine"",""Maine Road Trips"",""Paradise"",""Maine Attractions"",""Travel Destination"",""Handcrafted Ceramics"",""Family Travel"",""Kiliii Adventures"",""USA Travel"",""Tourism Campaign"",""Pottery Studio"",""Lakes"",""Kiliii Yuyan"",""Explore"",""Local Gems"",""Nat Geo Photography"",""National Geographic"",""Office of Tourism"",""Pottery"",""Kiln"",""Train Kiln"",""Local Artist"",""Discover"",""Mid Coast""]",mp4,nature_wildlife,True
IJkB-oapuks,"Giving Away $1,000,000 in Gifts To My Subscribers",https://www.youtube.com/watch?v=IJkB-oapuks,https://www.youtube.com/channel/UCX6OQ3DkcsbYNE6H8uQQuVA/shorts,MrBeast,UCX6OQ3DkcsbYNE6H8uQQuVA,2025-12-21,19,1080,1920,30,1222357047,8483403.0,[],mp4,challenge_stunts,True
ILeA8yClhYo,It’s almost there… Any guesses? 👀🍊​⁠@SaintLevantOfficial,https://www.youtube.com/watch?v=ILeA8yClhYo,https://www.youtube.com/channel/UCRSvEADlY-caz3sfDNwvR1A/shorts,Huda Beauty,UCRSvEADlY-caz3sfDNwvR1A,2025-07-18,17,720,1280,24,202895,4275.0,[],mp4,beauty_fashion,True
IM7rkeBLOJg,Found My Long Lost Sisters?!,https://www.youtube.com/watch?v=IM7rkeBLOJg,https://www.youtube.com/channel/UCF0_hwTeQ73IhJuEtsUbEtA/shorts,Sofie Dossi,UCF0_hwTeQ73IhJuEtsUbEtA,2024-11-23,12,1080,1920,30,10002513,229291.0,"[""KalogeraSisters"",""Sofie Dossi"",""Twins"",""Triplets"",""Quadruplets"",""Gladiator"",""Contortion"",""Flexibility"",""Curly hair""]",mp4,dance,True
IMkjgup60x4,#GetReadyWithMe in the South of France... C’est la vie 🇫🇷,https://www.youtube.com/watch?v=IMkjgup60x4,https://www.youtube.com/channel/UCRSvEADlY-caz3sfDNwvR1A/shorts,Huda Beauty,UCRSvEADlY-caz3sfDNwvR1A,2025-10-12,60,1080,1920,24,152961,4448.0,[],mp4,beauty_fashion,True
IOJ7Fxa8e2Y,GROW YOUR BOOTY with these exercises,https://www.youtube.com/watch?v=IOJ7Fxa8e2Y,https://www.youtube.com/channel/UCCgLoMYIyP0U56dEhEL1wXQ/shorts,Chloe Ting,UCCgLoMYIyP0U56dEhEL1wXQ,2023-05-24,22,1080,1920,30,810576,21930.0,"[""glute workout"",""booty workout"",""gym workout"",""fitness"",""gym"",""gym routine"",""gym booty workout"",""gym booty routine"",""glutes workout"",""glutes routine"",""butt workout"",""butt gym workout"",""butt gym routine"",""how to grow a booty"",""how to grow butt"",""chloe ting"",""chloeting"",""beginner booty routine"",""beginner booty workout"",""beginner booty gym routine"",""gym for beginner"",""booty gym"",""booty routine with weights"",""booty workout with weights"",""booty exercise"",""booty exercise weights"",""glute exercise weights""]",mp4,fitness,True
IOZF5IrtkwA,She's Been On The Vogue Cover But Lives In A Slum,https://www.youtube.com/watch?v=IOZF5IrtkwA,https://www.youtube.com/channel/UC0Ize0RLIbGdH5x4wI45G-A/shorts,Drew Binsky,UC0Ize0RLIbGdH5x4wI45G-A,2026-01-26,55,1080,1920,24,208994,7404.0,[],mp4,travel_adventure,True
IRqmpIW9Jc8,Giant Paper Plane vs CANYON,https://www.youtube.com/watch?v=IRqmpIW9Jc8,https://www.youtube.com/channel/UC5f5IV0Bf79YLp_p9nfInRA/shorts,How Ridiculous,UC5f5IV0Bf79YLp_p9nfInRA,2026-07-03,21,1080,1920,50,166423,3906.0,[],mp4,sports_trick_shots,True
IbyxzUunClo,Best Mattress of 2026: Helix Sleep,https://www.youtube.com/watch?v=IbyxzUunClo,https://www.youtube.com/channel/UCE6acMV3m35znLcf0JGNn7Q/shorts,Gibi ASMR,UCE6acMV3m35znLcf0JGNn7Q,2026-06-27,56,1080,1920,30,71398,2179.0,"[""gibi"",""asmr"",""gibi asmr"",""for sleep"",""relax"",""relaxing"",""stress relief"",""asmr sleep"",""sleep aid"",""ad"",""helix"",""helix sleep"",""helix partner"",""sponsored"",""helix mattress""]",mp4,asmr,True
IkraoooMt7Q,What's The Most Dangerous Item in North Korea?,https://www.youtube.com/watch?v=IkraoooMt7Q,https://www.youtube.com/channel/UC0Ize0RLIbGdH5x4wI45G-A/shorts,Drew Binsky,UC0Ize0RLIbGdH5x4wI45G-A,2026-05-18,35,1080,1920,24,698090,16250.0,[],mp4,travel_adventure,True
ImRy_PiXstI,Lewis Hamilton Explains F1 Tire Strategy,https://www.youtube.com/watch?v=ImRy_PiXstI,https://www.youtube.com/channel/UCBJycsmduvYEL83R_U4JriQ/shorts,Marques Brownlee,UCBJycsmduvYEL83R_U4JriQ,2026-05-29,32,1080,1920,30,4467374,96910.0,"[""lewis hamilton"",""f1"",""formula 1"",""formula one""]",mp4,tech_review,True
IzEXN8SX3qM,The World’s Oldest Toilet,https://www.youtube.com/watch?v=IzEXN8SX3qM,https://www.youtube.com/channel/UC0Ize0RLIbGdH5x4wI45G-A/shorts,Drew Binsky,UC0Ize0RLIbGdH5x4wI45G-A,2026-07-30,16,1080,1920,30,97829,2182.0,[],mp4,travel_adventure,True
J4iIjB1iJ8U,Made with WowCube 🪴🎲 Order Now! #wowcube,https://www.youtube.com/watch?v=J4iIjB1iJ8U,https://www.youtube.com/channel/UC295-Dw_tDNtZXFeAPAW6Aw/shorts,5-Minute Crafts,UC295-Dw_tDNtZXFeAPAW6Aw,2025-12-07,49,1080,1920,25,271953,2179.0,[],mp4,diy_crafts,True
JA-rl4d9a88,Kiss Prank! 💋,https://www.youtube.com/watch?v=JA-rl4d9a88,https://www.youtube.com/channel/UC5gxP-2QqIh_09djvlm9Xcg/shorts,Alan's Universe,UC5gxP-2QqIh_09djvlm9Xcg,2026-08-16,17,1080,1920,30,1336311,18803.0,"[""alan chikin chow"",""alan chikin chow tiktok"",""alan chikin chow shorts"",""alan army"",""alan chicken chow"",""alan chicken show"",""alan chikin show""]",mp4,vfx_magic,True
JLJF2XNH7Xk,WHAT ARE THE CHANCES?? 🤯,https://www.youtube.com/watch?v=JLJF2XNH7Xk,https://www.youtube.com/channel/UC5f5IV0Bf79YLp_p9nfInRA/shorts,How Ridiculous,UC5f5IV0Bf79YLp_p9nfInRA,2025-12-12,10,1080,1920,50,12347847,108335.0,[],mp4,sports_trick_shots,True
JRL_Tvazw2I,Uranium is safe compared to this...,https://www.youtube.com/watch?v=JRL_Tvazw2I,https://www.youtube.com/channel/UCFhXFikryT4aFcLkLw2LBLA/shorts,NileRed,UCFhXFikryT4aFcLkLw2LBLA,2022-04-05,56,1080,1920,60,24368024,1564328.0,"[""nilered"",""nile"",""red"",""science"",""chemistry"",""uranium"",""radium"",""watch"",""geiger"",""counter"",""radioactive"",""radiation"",""dial"",""hand"",""sodium diuranate"",""na2u2o7""]",mp4,high_speed_science,True
JTPui4iRFTo,She Hasn’t Used A Bathroom For 16 Years,https://www.youtube.com/watch?v=JTPui4iRFTo,https://www.youtube.com/channel/UC0Ize0RLIbGdH5x4wI45G-A/shorts,Drew Binsky,UC0Ize0RLIbGdH5x4wI45G-A,2026-05-12,25,1080,1920,24,124947,1733.0,[],mp4,travel_adventure,True
JXU2e9NLQN8,Simon's Cat - Guide to the Vets #shortsfeed #simonscat,https://www.youtube.com/watch?v=JXU2e9NLQN8,https://www.youtube.com/channel/UCE3pZOwArJXDOQjcQsiQT_w/shorts,Simon's Cat Extra,UCE3pZOwArJXDOQjcQsiQT_w,2025-04-29,53,1080,1920,25,201869,9968.0,"[""simon's cat"",""simons cat"",""simons cats"",""simon's katze"",""simon tofield"",""simon the cat"",""simona”"",""Simon"",""Tofield"",""simonscat"",""animated cats"",""animated animals"",""black and white"",""cat lovers"",""cute cats"",""funny cat"",""funny cats"",""Animated"",""Animation"",""cartoon"",""Cat"",""cute"",""fail"",""fun"",""Funny"",""Humour"",""kitten"",""kittens"",""kitty"",""pets"",""Toons"",""videos""]",mp4,animation_edu,True
JY_XnQqpuSU,ASMR -Want to try some Popping Relaxation Bubbles? #shorts,https://www.youtube.com/watch?v=JY_XnQqpuSU,https://www.youtube.com/channel/UCE6acMV3m35znLcf0JGNn7Q/shorts,Gibi ASMR,UCE6acMV3m35znLcf0JGNn7Q,2026-01-14,60,1080,1920,60,116452,4878.0,[],mp4,asmr,True
JasyuEYVzbE,Which A-School Student Are You?,https://www.youtube.com/watch?v=JasyuEYVzbE,https://www.youtube.com/channel/UC5gxP-2QqIh_09djvlm9Xcg/shorts,Alan's Universe,UC5gxP-2QqIh_09djvlm9Xcg,2026-06-27,22,1080,1920,30,2044874,29179.0,"[""alan chikin chow"",""alan chikin chow tiktok"",""alan chikin chow shorts"",""alan army"",""alan chicken chow"",""alan chicken show"",""alan chikin show""]",mp4,vfx_magic,True
JjhEBd9S8jQ,If Uranus Was This Big...,https://www.youtube.com/watch?v=JjhEBd9S8jQ,https://www.youtube.com/channel/UC6nSFpj9HTCZ5t-N3Rm3-HA/shorts,Vsauce,UC6nSFpj9HTCZ5t-N3Rm3-HA,2024-09-01,60,1080,1920,30,23336964,1341065.0,[],mp4,education_howto,True
JqdER6c5FKo,ASMR - Your luxurious in-flight snack #shorts,https://www.youtube.com/watch?v=JqdER6c5FKo,https://www.youtube.com/channel/UCE6acMV3m35znLcf0JGNn7Q/shorts,Gibi ASMR,UCE6acMV3m35znLcf0JGNn7Q,2026-04-15,60,1080,1920,60,97949,3512.0,[],mp4,asmr,True
KIFwAzmmyKI,Samsung's Special Sauce,https://www.youtube.com/watch?v=KIFwAzmmyKI,https://www.youtube.com/channel/UCBJycsmduvYEL83R_U4JriQ/shorts,Marques Brownlee,UCBJycsmduvYEL83R_U4JriQ,2025-02-19,56,1080,1920,30,3544285,178087.0,[],mp4,tech_review,True
KSEToGqbiu0,Happy Halloween! | #shorts,https://www.youtube.com/watch?v=KSEToGqbiu0,https://www.youtube.com/channel/UCE3pZOwArJXDOQjcQsiQT_w/shorts,Simon's Cat Extra,UCE3pZOwArJXDOQjcQsiQT_w,2025-10-30,27,1080,1920,25,39790,1758.0,"[""simon's cat"",""simons cat"",""simons cats"",""simon's katze"",""simon tofield"",""simon the cat"",""simona”"",""Simon"",""Tofield"",""simonscat"",""animated cats"",""animated animals"",""animal (film character)"",""black and white"",""black and white cat"",""cat lovers"",""cat fails"",""cute cats"",""funny cat"",""funny cats"",""kids"",""“for"",""kids”"",""short animation"",""Animated"",""Animation"",""cartoon"",""cartoons"",""Cat"",""cats"",""cute"",""fail"",""fun"",""Funny"",""Humour"",""kitten"",""kittens"",""kitty"",""pets"",""Toons"",""videos""]",mp4,animation_edu,True
KSjXRIiy_Gw,THIS ALMOST BROKE HER SPINE… @happykelli,https://www.youtube.com/watch?v=KSjXRIiy_Gw,https://www.youtube.com/channel/UCF0_hwTeQ73IhJuEtsUbEtA/shorts,Sofie Dossi,UCF0_hwTeQ73IhJuEtsUbEtA,2023-11-18,55,1080,1920,30,24384043,565819.0,"[""Sofie dossi"",""Happy kelli"",""Spine"",""No spine"",""Contortion"",""Flexibility"",""Shorts"",""Stretches""]",mp4,dance,True
KXLNPZRPdjI,DIY wood stick shelf transformation—subscribe @pepperell.crafts! 🪵,https://www.youtube.com/watch?v=KXLNPZRPdjI,https://www.youtube.com/channel/UC295-Dw_tDNtZXFeAPAW6Aw/shorts,5-Minute Crafts,UC295-Dw_tDNtZXFeAPAW6Aw,2025-07-10,32,1080,1920,25,580618,8208.0,[],mp4,diy_crafts,True
KYYxgEF5qUM,This Used to Be a Military Base? #BestoftheWorld,https://www.youtube.com/watch?v=KYYxgEF5qUM,https://www.youtube.com/channel/UCpVm7bg6pXKo1Pr6k5kxG9A/shorts,National Geographic,UCpVm7bg6pXKo1Pr6k5kxG9A,2026-06-30,55,1080,1920,25,31939,456.0,"[""national geographic"",""nat geo"",""natgeo"",""animals"",""wildlife"",""science"",""explore"",""discover"",""survival"",""nature"",""culture"",""documentary"",""photography"",""ancient civilization"",""history"",""mystery"",""best of the world"",""nat geo best of the world"",""antoni porowski"",""queer eye"",""no taste like home"",""governors island"",""nyc"",""new york city"",""things to do in new york"",""new york history"",""nyc history"",""governor's island"",""manhattan""]",mp4,nature_wildlife,True
KaG6B2dyeNM,Dog who used to refuse to walk... now?,https://www.youtube.com/watch?v=KaG6B2dyeNM,https://www.youtube.com/channel/UC6zbH1Z4G32bBV9wyK6ikPA/shorts,Kritter Klub,UC6zbH1Z4G32bBV9wyK6ikPA,2025-01-23,33,1080,1920,24,4534,276.0,"[""animalvideo"",""animals"",""kritterklub"",""Kritterklub"",""kritterklubanimal""]",mp4,animals_pets,True
KhVgZfUcfLk,Paid content for Tennessee Tourism,https://www.youtube.com/watch?v=KhVgZfUcfLk,https://www.youtube.com/channel/UCpVm7bg6pXKo1Pr6k5kxG9A/shorts,National Geographic,UCpVm7bg6pXKo1Pr6k5kxG9A,2026-06-11,40,1080,1920,30,174671,315.0,"[""National Geographic"",""Nat Geo"",""Explore with Us"",""Survival 4k"",""Documentary Nat Geo"",""Photography 4k"",""Nat Geo Collaboration"",""Paid content"",""Youth Innovation"",""Adventure 4k"",""Exploration"",""Nat Geo Travel"",""Exploring 4k"",""Travel"",""Tourism"",""Tennessee Tourism"",""Chattanooga Travels"",""Tennessee River"",""Appalachian Foothills"",""Chattanooga"",""Family Travel Tennessee"",""Greg Kahn Photography"",""Chattanooga Vacation"",""Tennessee Travel Destination"",""Scenic City Tourism"",""Explore Chattanooga"",""Travel Tennessee""]",mp4,nature_wildlife,True
KiIYEMm_P8Q,THE GRINCH TOOK OVER MY TREE! 🎄🟢 Easy Christmas Tree Decorating Hacks! 🏆,https://www.youtube.com/watch?v=KiIYEMm_P8Q,https://www.youtube.com/channel/UC295-Dw_tDNtZXFeAPAW6Aw/shorts,5-Minute Crafts,UC295-Dw_tDNtZXFeAPAW6Aw,2025-12-18,21,1080,1920,25,390265,3608.0,"[""5-Minute Crafts"",""DIY"",""Do it yourself"",""crafts"",""trucos"",""5 minutes craft"",""life hacks"",""5 minute craft"",""trucos de belliza"",""proyectos faciles"",""useful things"",""lifehacks"",""tricks"",""tips"",""DIY projects"",""DIY activities"",""Handcraft"",""Tutorial"",""howto""]",mp4,diy_crafts,True
KjvVQ-jTR9c,Psycho Kitty | #shorts #simonscat,https://www.youtube.com/watch?v=KjvVQ-jTR9c,https://www.youtube.com/channel/UCE3pZOwArJXDOQjcQsiQT_w/shorts,Simon's Cat Extra,UCE3pZOwArJXDOQjcQsiQT_w,2025-05-20,26,1080,1920,25,46331,1420.0,"[""simon's cat"",""simons cat"",""simons cats"",""simon's katze"",""simon tofield"",""simon the cat"",""simona”"",""Simon"",""Tofield"",""simonscat"",""animated cats"",""animated animals"",""animal (film character)"",""black and white"",""black and white cat"",""cat lovers"",""cat fails"",""cute cats"",""funny cat"",""funny cats"",""kids"",""“for"",""kids”"",""short animation"",""Animated"",""Animation"",""cartoon"",""cartoons"",""Cat"",""cats"",""cute"",""fail"",""fun"",""Funny"",""Humour"",""kitten"",""kittens"",""kitty"",""pets"",""Toons"",""videos""]",mp4,animation_edu,True
KlnBJlizn1g,How did Bertie Gregory film the hidden world of bees? #SecretsOfTheBees,https://www.youtube.com/watch?v=KlnBJlizn1g,https://www.youtube.com/channel/UCpVm7bg6pXKo1Pr6k5kxG9A/shorts,National Geographic,UCpVm7bg6pXKo1Pr6k5kxG9A,2026-04-02,55,1080,1920,24,17925,531.0,"[""National Geographic"",""Nat Geo docs"",""Animals Lover"",""Wildlife"",""Survival 4k"",""Nature video"",""Photography 4k"",""Mystery"",""Bertie Gregory"",""Bees video"",""Hive"",""Life of Bees"",""Honey bee"",""Bee Hives"",""Pollination"",""bee documentary"",""bee facts"",""Nat Geo Animals"",""Pollinator"",""Secrets of the Bees"",""Disney+"",""Hulu"",""Wildlife documentary"",""Docuseries"",""Insect"",""Drone Bees"",""Worker Bees"",""Pollen"",""Queen Bees"",""Nat Geo Explorer"",""Bee Workers"",""Exploring 4k"",""Behind the Scenes"",""BTS"",""docuseries"",""Earth Month"",""Earth Day"",""Nature""]",mp4,nature_wildlife,True
L1cqYkvVMRs,Robert Irwin's 5 Words to Live By | #NatGeo9,https://www.youtube.com/watch?v=L1cqYkvVMRs,https://www.youtube.com/channel/UCpVm7bg6pXKo1Pr6k5kxG9A/shorts,National Geographic,UCpVm7bg6pXKo1Pr6k5kxG9A,2026-07-13,40,1080,1920,24,22472,304.0,"[""national geographic"",""nat geo"",""natgeo"",""animals"",""wildlife"",""science"",""explore"",""discover"",""survival"",""nature"",""culture"",""documentary"",""photography"",""ancient civilization"",""history"",""mystery"",""robert irwin"",""dancing with the stars"",""dancing with the stars next pro"",""dancing with the stars the next pro"",""disney"",""irwin family"",""natgeo9"",""natgeonine""]",mp4,nature_wildlife,True
LFFwHw7vbKU,This Tourist Island is Stuck in a Terrorist Country,https://www.youtube.com/watch?v=LFFwHw7vbKU,https://www.youtube.com/channel/UC0Ize0RLIbGdH5x4wI45G-A/shorts,Drew Binsky,UC0Ize0RLIbGdH5x4wI45G-A,2025-11-17,48,1080,1920,24,113604,4227.0,[],mp4,travel_adventure,True
LGvmjjcrpPo,What is this!!,https://www.youtube.com/watch?v=LGvmjjcrpPo,https://www.youtube.com/channel/UC56D-IHcUvLVFTX_8NpQMXg/shorts,Brent Rivera,UC56D-IHcUvLVFTX_8NpQMXg,2026-06-25,28,1080,1920,30,16700961,454783.0,[],mp4,comedy_sketch,True
LHlvMFaaY8s,Easy DIY colourful Crafts for school! ✨,https://www.youtube.com/watch?v=LHlvMFaaY8s,https://www.youtube.com/channel/UC295-Dw_tDNtZXFeAPAW6Aw/shorts,5-Minute Crafts,UC295-Dw_tDNtZXFeAPAW6Aw,2025-12-18,28,1080,1920,25,416821,3144.0,[],mp4,diy_crafts,True
LJqF79Tag94,"Subscribe to @TotallySpiesChannel 💥 A must-watch blend of comedy, action, and drama",https://www.youtube.com/watch?v=LJqF79Tag94,https://www.youtube.com/channel/UC295-Dw_tDNtZXFeAPAW6Aw/shorts,5-Minute Crafts,UC295-Dw_tDNtZXFeAPAW6Aw,2025-10-11,58,1080,1920,25,365255,2479.0,"[""5 minute craft"",""5 minutes craft"",""5-minute crafts"",""crafts"",""diy"",""diy activities"",""diy projects"",""do it yourself"",""handcraft"",""howto"",""life hacks"",""lifehacks"",""proyectos faciles"",""tips"",""tricks"",""trucos"",""trucos de belliza"",""tutorial"",""useful things""]",mp4,diy_crafts,True
LXmNeVLM4e4,PSA: You look like this,https://www.youtube.com/watch?v=LXmNeVLM4e4,https://www.youtube.com/channel/UCBJycsmduvYEL83R_U4JriQ/shorts,Marques Brownlee,UCBJycsmduvYEL83R_U4JriQ,2026-01-27,28,1080,1920,30,5153233,128505.0,"[""AR glasses"",""AI glasses"",""MKBHD"",""glasses at night"",""AR glasses at night""]",mp4,tech_review,True
L_txhNxWU5E,The Doorman is Never off Duty #shorts,https://www.youtube.com/watch?v=L_txhNxWU5E,https://www.youtube.com/channel/UCE3pZOwArJXDOQjcQsiQT_w/shorts,Simon's Cat Extra,UCE3pZOwArJXDOQjcQsiQT_w,2025-04-22,51,1080,1920,25,26039,1374.0,"[""simon's cat"",""simons cat"",""simons cats"",""simon's katze"",""simon tofield"",""simon the cat"",""simona”"",""Simon"",""Tofield"",""simonscat"",""animated cats"",""animated animals"",""animal (film character)"",""black and white"",""black and white cat"",""cat lovers"",""cat fails"",""cute cats"",""funny cat"",""funny cats"",""kids"",""“for"",""kids”"",""short animation"",""Animated"",""Animation"",""cartoon"",""cartoons"",""Cat"",""cats"",""cute"",""fail"",""fun"",""Funny"",""Humour"",""kitten"",""kittens"",""kitty"",""pets"",""Toons"",""videos""]",mp4,animation_edu,True
LgbyEFILLJI,"$1 vs $10,000 Cake",https://www.youtube.com/watch?v=LgbyEFILLJI,https://www.youtube.com/channel/UCX6OQ3DkcsbYNE6H8uQQuVA/shorts,MrBeast,UCX6OQ3DkcsbYNE6H8uQQuVA,2026-07-03,49,1080,1920,30,85108912,2051788.0,[],mp4,challenge_stunts,True
LttklfcpVJ0,Gaming ASMR Incoming...,https://www.youtube.com/watch?v=LttklfcpVJ0,https://www.youtube.com/channel/UCE6acMV3m35znLcf0JGNn7Q/shorts,Gibi ASMR,UCE6acMV3m35znLcf0JGNn7Q,2025-10-22,40,720,1280,30,90109,3280.0,[],mp4,asmr,True
LyFMbY-c_Lc,I Raced Noah Lyles,https://www.youtube.com/watch?v=LyFMbY-c_Lc,https://www.youtube.com/channel/UCX6OQ3DkcsbYNE6H8uQQuVA/shorts,MrBeast,UCX6OQ3DkcsbYNE6H8uQQuVA,2025-11-14,32,1080,1920,30,479131415,5085726.0,[],mp4,challenge_stunts,True
M4xlXvCAc2E,ELITE Camera Work,https://www.youtube.com/watch?v=M4xlXvCAc2E,https://www.youtube.com/channel/UCBJycsmduvYEL83R_U4JriQ/shorts,Marques Brownlee,UCBJycsmduvYEL83R_U4JriQ,2026-05-28,27,1080,1920,30,929772,24900.0,[],mp4,tech_review,True
M6fjw64YmfU,Welcome to the 'Cat Olympics' | Simon's Cat Extra,https://www.youtube.com/watch?v=M6fjw64YmfU,https://www.youtube.com/channel/UCE3pZOwArJXDOQjcQsiQT_w/shorts,Simon's Cat Extra,UCE3pZOwArJXDOQjcQsiQT_w,2025-03-25,40,1080,1920,25,22061,1042.0,"[""simon's cat"",""simons cat"",""simons cats"",""simon's katze"",""simon tofield"",""simon the cat"",""simona”"",""Simon"",""Tofield"",""simonscat"",""animated cats"",""animated animals"",""animal (film character)"",""black and white"",""black and white cat"",""cat lovers"",""cat fails"",""cute cats"",""funny cat"",""funny cats"",""kids"",""“for"",""kids”"",""short animation"",""Animated"",""Animation"",""cartoon"",""cartoons"",""Cat"",""cats"",""cute"",""fail"",""fun"",""Funny"",""Humour"",""kitten"",""kittens"",""kitty"",""pets"",""Toons"",""videos""]",mp4,animation_edu,True
MByBFWGFMhI,New FAMOUS ACTOR Episode Incoming ‼️,https://www.youtube.com/watch?v=MByBFWGFMhI,https://www.youtube.com/channel/UC5gxP-2QqIh_09djvlm9Xcg/shorts,Alan's Universe,UC5gxP-2QqIh_09djvlm9Xcg,2026-08-07,17,1080,1920,30,1804337,23275.0,"[""alan chikin chow"",""alan chikin chow tiktok"",""alan chikin chow shorts"",""alan army"",""alan chicken chow"",""alan chicken show"",""alan chikin show""]",mp4,vfx_magic,True
MCPJXEPNW5k,HOW TO FAKE FLEXIBILITY,https://www.youtube.com/watch?v=MCPJXEPNW5k,https://www.youtube.com/channel/UCF0_hwTeQ73IhJuEtsUbEtA/shorts,Sofie Dossi,UCF0_hwTeQ73IhJuEtsUbEtA,2024-07-06,45,1080,1920,30,27967194,771628.0,"[""Sofie Dossi"",""Contortion"",""Flexibility"",""Acrobatics"",""Agt"",""America’s got talent"",""Spine""]",mp4,dance,True
MDkiTqB7KGE,ASMR - 10 Second High Power Nap #shorts,https://www.youtube.com/watch?v=MDkiTqB7KGE,https://www.youtube.com/channel/UCE6acMV3m35znLcf0JGNn7Q/shorts,Gibi ASMR,UCE6acMV3m35znLcf0JGNn7Q,2026-01-19,60,1080,1920,60,104568,4546.0,[],mp4,asmr,True
MIqS_SWomb8,❤️,https://www.youtube.com/watch?v=MIqS_SWomb8,https://www.youtube.com/channel/UC56D-IHcUvLVFTX_8NpQMXg/shorts,Brent Rivera,UC56D-IHcUvLVFTX_8NpQMXg,2026-04-28,8,576,1024,30,2052538,31853.0,[],mp4,comedy_sketch,True
McE6el9mn_I,Samsung's Secret Screen Feature,https://www.youtube.com/watch?v=McE6el9mn_I,https://www.youtube.com/channel/UCBJycsmduvYEL83R_U4JriQ/shorts,Marques Brownlee,UCBJycsmduvYEL83R_U4JriQ,2026-02-25,44,1080,1920,30,11611773,564088.0,[],mp4,tech_review,True
McHs1eI-h78,Dance with A-School Teachers!,https://www.youtube.com/watch?v=McHs1eI-h78,https://www.youtube.com/channel/UC5gxP-2QqIh_09djvlm9Xcg/shorts,Alan's Universe,UC5gxP-2QqIh_09djvlm9Xcg,2026-08-15,15,1080,1920,30,545984,10715.0,"[""alan chikin chow"",""alan chikin chow tiktok"",""alan chikin chow shorts"",""alan army"",""alan chicken chow"",""alan chicken show"",""alan chikin show""]",mp4,vfx_magic,True
Md91JDKyGNY,Conjoined twins!,https://www.youtube.com/watch?v=Md91JDKyGNY,https://www.youtube.com/channel/UC56D-IHcUvLVFTX_8NpQMXg/shorts,Brent Rivera,UC56D-IHcUvLVFTX_8NpQMXg,2026-04-16,42,720,1280,30,1435658,27384.0,[],mp4,comedy_sketch,True
MlSU7kpxOMw,Boil em mash em stick em in a stew @NiallHoran 😂,https://www.youtube.com/watch?v=MlSU7kpxOMw,https://www.youtube.com/channel/UCIEv3lZ_tNXHzL3ox-_uUGQ/shorts,Gordon Ramsay,UCIEv3lZ_tNXHzL3ox-_uUGQ,2026-06-05,11,1080,1920,30,157181,1983.0,[],mp4,cooking_food,True
MpyaIrjtZCI,Kiss Prank (Blooper) 😂,https://www.youtube.com/watch?v=MpyaIrjtZCI,https://www.youtube.com/channel/UC5gxP-2QqIh_09djvlm9Xcg/shorts,Alan's Universe,UC5gxP-2QqIh_09djvlm9Xcg,2026-08-17,20,1080,1920,30,729090,11144.0,"[""alan chikin chow"",""alan chikin chow tiktok"",""alan chikin chow shorts"",""alan army"",""alan chicken chow"",""alan chicken show"",""alan chikin show""]",mp4,vfx_magic,True
N1U_nZlhjFE,Before After Transformation (Start now) #beforeandafter,https://www.youtube.com/watch?v=N1U_nZlhjFE,https://www.youtube.com/channel/UCCgLoMYIyP0U56dEhEL1wXQ/shorts,Chloe Ting,UCCgLoMYIyP0U56dEhEL1wXQ,2026-02-23,9,1080,1920,30,265395,5089.0,"[""fitness"",""before after"",""fitness challenge"",""workout"",""ab workout"",""workout program"",""workout challenge"",""chloe ting challenge"",""fitness girl"",""girl abs"",""fitness lifestyle"",""home workout"",""inspiration"",""workout motivation"",""motivation"",""fitness motivation""]",mp4,fitness,True
NC1nzXq6Rh4,PROOF the Trifold is Awesome!,https://www.youtube.com/watch?v=NC1nzXq6Rh4,https://www.youtube.com/channel/UCBJycsmduvYEL83R_U4JriQ/shorts,Marques Brownlee,UCBJycsmduvYEL83R_U4JriQ,2025-12-18,51,1080,1920,30,6975443,177725.0,[],mp4,tech_review,True
NW8wEqBDiH0,"If It Fits, I Sits 📦 | Simon's Cat Extra #shortsfeed",https://www.youtube.com/watch?v=NW8wEqBDiH0,https://www.youtube.com/channel/UCE3pZOwArJXDOQjcQsiQT_w/shorts,Simon's Cat Extra,UCE3pZOwArJXDOQjcQsiQT_w,2025-04-04,54,1080,1920,25,19388,910.0,"[""simon's cat"",""simons cat"",""simons cats"",""simon's katze"",""simon tofield"",""simon the cat"",""simona”"",""Simon"",""Tofield"",""simonscat"",""animated cats"",""animated animals"",""animal (film character)"",""black and white"",""black and white cat"",""cat lovers"",""cat fails"",""cute cats"",""funny cat"",""funny cats"",""kids"",""“for"",""kids”"",""short animation"",""Animated"",""videos for cats on youtube"",""funny funny funny animal videos"",""funny cat videos""]",mp4,animation_edu,True
NgP3Fy3qdPs,Bad day? Time for a makeup shopping trip 🛒 #makeup #retailtherapy #beautyessentials,https://www.youtube.com/watch?v=NgP3Fy3qdPs,https://www.youtube.com/channel/UCRSvEADlY-caz3sfDNwvR1A/shorts,Huda Beauty,UCRSvEADlY-caz3sfDNwvR1A,2025-10-11,10,1080,1920,24,124696,2467.0,[],mp4,beauty_fashion,True
NlJh2VtArgc,Mind-Blowing Mini Craft Magic! #DIY #epoxy,https://www.youtube.com/watch?v=NlJh2VtArgc,https://www.youtube.com/channel/UC295-Dw_tDNtZXFeAPAW6Aw/shorts,5-Minute Crafts,UC295-Dw_tDNtZXFeAPAW6Aw,2026-03-19,45,1080,1920,25,303494,3393.0,[],mp4,diy_crafts,True
NqpTEBxt0qQ,WowCube = Best Gift Ever! 🎁 Order Now! #wowcube,https://www.youtube.com/watch?v=NqpTEBxt0qQ,https://www.youtube.com/channel/UC295-Dw_tDNtZXFeAPAW6Aw/shorts,5-Minute Crafts,UC295-Dw_tDNtZXFeAPAW6Aw,2025-10-25,28,1080,1920,30,1525166,8005.0,"[""5 minute craft"",""5 minutes craft"",""5-minute crafts"",""crafts"",""diy"",""diy activities"",""diy projects"",""do it yourself"",""handcraft"",""howto"",""life hacks"",""lifehacks"",""proyectos faciles"",""tips"",""tricks"",""trucos"",""trucos de belliza"",""tutorial"",""useful things""]",mp4,diy_crafts,True
NrkoPK457kw,The Only Lip Combo You Need RN 🩷 #liptutorial #lipcombo,https://www.youtube.com/watch?v=NrkoPK457kw,https://www.youtube.com/channel/UCRSvEADlY-caz3sfDNwvR1A/shorts,Huda Beauty,UCRSvEADlY-caz3sfDNwvR1A,2025-10-13,37,1080,1920,24,1809521,43113.0,[],mp4,beauty_fashion,True
NtNb1O9Wskw,Cyber Craze Sale… We Never Do 30% Off Easy Bake!,https://www.youtube.com/watch?v=NtNb1O9Wskw,https://www.youtube.com/channel/UCRSvEADlY-caz3sfDNwvR1A/shorts,Huda Beauty,UCRSvEADlY-caz3sfDNwvR1A,2025-11-17,6,1080,1920,30,896852,14217.0,[],mp4,beauty_fashion,True
NyZg-ArIRxk,Step back into the PMJ universe with another look at our latest retro reimagining. 🖤,https://www.youtube.com/watch?v=NyZg-ArIRxk,https://www.youtube.com/channel/UCORIeT1hk6tYBuntEXsguLg/shorts,PostmodernJukebox,UCORIeT1hk6tYBuntEXsguLg,2026-07-24,30,1080,1920,24,14276,300.0,[],mp4,music_performance,True
O8ce1lQvEVQ,What city should Postmodern Jukebox tour next? #postmodernjukebox #pmjtour #vintagestyle,https://www.youtube.com/watch?v=O8ce1lQvEVQ,https://www.youtube.com/channel/UCORIeT1hk6tYBuntEXsguLg/shorts,PostmodernJukebox,UCORIeT1hk6tYBuntEXsguLg,2025-04-03,38,1080,1920,24,37496,981.0,[],mp4,music_performance,True
O9cB0ldkgwA,"Drone bees are born with one goal in mind, and they don't have long to do it #SecretsOfTheBees",https://www.youtube.com/watch?v=O9cB0ldkgwA,https://www.youtube.com/channel/UCpVm7bg6pXKo1Pr6k5kxG9A/shorts,National Geographic,UCpVm7bg6pXKo1Pr6k5kxG9A,2026-04-01,54,1080,1920,24,26345,443.0,"[""National Geographic"",""Nat Geo docs"",""Animals Lover"",""Wildlife"",""Survival 4k"",""Nature video"",""Photography 4k"",""Mystery"",""Bertie Gregory"",""Bees video"",""Hive"",""Life of Bees"",""Honey bee"",""Bee Hives"",""Pollination"",""bee documentary"",""bee facts"",""Nat Geo Animals"",""Pollinators"",""Secrets of the Bees"",""Disney+"",""Hulu"",""Wildlife documentary"",""Docuseries"",""Insect"",""Drone Bees"",""Worker Bees"",""Pollen"",""Queen Bees"",""Nat Geo Explorer"",""James Cameron"",""Bee Workers"",""Exploring 4k"",""Entomology"",""Entomologist"",""Dr. Sammy Ramsey""]",mp4,nature_wildlife,True
O9i-xgjcFCY,New EVIL TWIN Episode Incoming ‼️,https://www.youtube.com/watch?v=O9i-xgjcFCY,https://www.youtube.com/channel/UC5gxP-2QqIh_09djvlm9Xcg/shorts,Alan's Universe,UC5gxP-2QqIh_09djvlm9Xcg,2026-07-24,27,1080,1920,30,1178870,16910.0,"[""alan chikin chow"",""alan chikin chow tiktok"",""alan chikin chow shorts"",""alan army"",""alan chicken chow"",""alan chicken show"",""alan chikin show""]",mp4,vfx_magic,True
OHTSZygYj_k,Why mother dog attacks her puppies was... #shorts,https://www.youtube.com/watch?v=OHTSZygYj_k,https://www.youtube.com/channel/UC6zbH1Z4G32bBV9wyK6ikPA/shorts,Kritter Klub,UC6zbH1Z4G32bBV9wyK6ikPA,2025-02-27,42,1080,1920,24,3958,193.0,"[""animalvideo"",""animals"",""kritterklub"",""Kritterklub"",""kritterklubanimal""]",mp4,animals_pets,True
OPVA4lFOci0,Would you eat this?! 😱,https://www.youtube.com/watch?v=OPVA4lFOci0,https://www.youtube.com/channel/UCCgLoMYIyP0U56dEhEL1wXQ/shorts,Chloe Ting,UCCgLoMYIyP0U56dEhEL1wXQ,2023-02-07,33,1080,1920,60,1635085,60680.0,"[""chloe ting"",""chloeting"",""ramen"",""chloeting recipes"",""chloe ting food"",""chloe ting diet"",""franken ramen"",""cheesecake ramen"",""interesting ramen"",""odd food"",""odd food in japan"",""japan food"",""japan"",""osaka food"",""osaka"",""osaka odd food""]",mp4,fitness,True
OPm2WvjwUK8,Life on AU Set 💗,https://www.youtube.com/watch?v=OPm2WvjwUK8,https://www.youtube.com/channel/UC5gxP-2QqIh_09djvlm9Xcg/shorts,Alan's Universe,UC5gxP-2QqIh_09djvlm9Xcg,2026-07-30,33,1080,1920,30,1188142,24565.0,"[""alan chikin chow"",""alan chikin chow tiktok"",""alan chikin chow shorts"",""alan army"",""alan chicken chow"",""alan chicken show"",""alan chikin show""]",mp4,vfx_magic,True
OiY5cv5rEvE,Carrying heavy loads just got easy—subscribe @pepperell.crafts for the trick! 💪,https://www.youtube.com/watch?v=OiY5cv5rEvE,https://www.youtube.com/channel/UC295-Dw_tDNtZXFeAPAW6Aw/shorts,5-Minute Crafts,UC295-Dw_tDNtZXFeAPAW6Aw,2025-07-08,34,1080,1920,24,367282,3063.0,[],mp4,diy_crafts,True
OleE3sP5ToI,What Pops This GIANT BALLOON? 🟡,https://www.youtube.com/watch?v=OleE3sP5ToI,https://www.youtube.com/channel/UC5f5IV0Bf79YLp_p9nfInRA/shorts,How Ridiculous,UC5f5IV0Bf79YLp_p9nfInRA,2026-07-23,38,1080,1920,30,405416,11485.0,[],mp4,sports_trick_shots,True
OltS40EjSxk,Apple Silicon Explained in 56 seconds,https://www.youtube.com/watch?v=OltS40EjSxk,https://www.youtube.com/channel/UCBJycsmduvYEL83R_U4JriQ/shorts,Marques Brownlee,UCBJycsmduvYEL83R_U4JriQ,2025-03-16,57,1080,1920,30,2793803,103376.0,"[""Apple Silicon"",""Apple silicon explained""]",mp4,tech_review,True
Otz87ILbmA8,3 Real Superhumans Doctors Can't Explain,https://www.youtube.com/watch?v=Otz87ILbmA8,https://www.youtube.com/channel/UC0Ize0RLIbGdH5x4wI45G-A/shorts,Drew Binsky,UC0Ize0RLIbGdH5x4wI45G-A,2026-07-20,59,1080,1920,30,155181,6276.0,[],mp4,travel_adventure,True
OuemRoHV3s8,WowCube Challenge 👙 Dress Up Before Time Runs Out! 🔥 #wowcube,https://www.youtube.com/watch?v=OuemRoHV3s8,https://www.youtube.com/channel/UC295-Dw_tDNtZXFeAPAW6Aw/shorts,5-Minute Crafts,UC295-Dw_tDNtZXFeAPAW6Aw,2025-09-19,22,1080,1920,25,374081,1570.0,"[""5 minute craft"",""5 minutes craft"",""5-minute crafts"",""crafts"",""diy"",""diy activities"",""diy projects"",""do it yourself"",""handcraft"",""howto"",""life hacks"",""lifehacks"",""proyectos faciles"",""tips"",""tricks"",""trucos"",""trucos de belliza"",""tutorial"",""useful things""]",mp4,diy_crafts,True
P54TnniPIbU,Here Gas Is Cheaper Than Water,https://www.youtube.com/watch?v=P54TnniPIbU,https://www.youtube.com/channel/UC0Ize0RLIbGdH5x4wI45G-A/shorts,Drew Binsky,UC0Ize0RLIbGdH5x4wI45G-A,2026-04-14,29,1080,1920,30,743896,25306.0,[],mp4,travel_adventure,True
PCU6g9mfRIk,This metal is too bouncy,https://www.youtube.com/watch?v=PCU6g9mfRIk,https://www.youtube.com/channel/UCFhXFikryT4aFcLkLw2LBLA/shorts,NileRed,UCFhXFikryT4aFcLkLw2LBLA,2024-09-23,60,1080,1920,60,42331072,2800114.0,"[""nilered"",""nile"",""red"",""science"",""chemistry"",""atomic"",""trampoline"",""bouncy"",""metal"",""metallic"",""glass"",""vitreloy"",""alloy"",""amorphous""]",mp4,high_speed_science,True
POtic5xEus8,Logorrhea,https://www.youtube.com/watch?v=POtic5xEus8,https://www.youtube.com/channel/UC6nSFpj9HTCZ5t-N3Rm3-HA/shorts,Vsauce,UC6nSFpj9HTCZ5t-N3Rm3-HA,2024-10-28,56,1080,1920,30,7970446,554170.0,[],mp4,education_howto,True
PPrja2RB1xQ,We’re only just starting to understand how important ocean jungles really are. #StepIntoWonder,https://www.youtube.com/watch?v=PPrja2RB1xQ,https://www.youtube.com/channel/UCpVm7bg6pXKo1Pr6k5kxG9A/shorts,National Geographic,UCpVm7bg6pXKo1Pr6k5kxG9A,2026-04-16,34,1080,1920,24,28530,605.0,"[""National Geographic"",""Exploring 4k"",""Survival 4k"",""Nature videos"",""Culture"",""Documentary Nat Geo"",""Photography 4k"",""Ancient Civilization"",""History"",""Mystery"",""Step Into Wonder"",""Disney+"",""Hulu"",""Streaming Now"",""Docuseries"",""Nature Documentary"",""Earth Month"",""Earth Day"",""TV show"",""Ocean with David Attenborough"",""Climate Hero"",""Ocean Jungle"",""David Attenborough"",""with Attenborough"",""Jungle videos"",""Nature Video"",""Ocean"",""Marine Life"",""Oceans"",""Explore with Us"",""Conservation"",""kelp forest"",""ocean wildlife""]",mp4,nature_wildlife,True
PTOHsqTUEQo,LIVING WITH THE WORLDS LONGEST NAILS!!,https://www.youtube.com/watch?v=PTOHsqTUEQo,https://www.youtube.com/channel/UCF0_hwTeQ73IhJuEtsUbEtA/shorts,Sofie Dossi,UCF0_hwTeQ73IhJuEtsUbEtA,2022-11-22,41,720,1280,30,84395562,2794598.0,"[""sofie dossi"",""sofie dossi shorts"",""longest nails"",""contortionist"",""nails"",""worlds longest nails"",""challenge""]",mp4,dance,True
PVHRZoNB0ms,New Colour Comp - Life with Cats! Coming Soon,https://www.youtube.com/watch?v=PVHRZoNB0ms,https://www.youtube.com/channel/UCE3pZOwArJXDOQjcQsiQT_w/shorts,Simon's Cat Extra,UCE3pZOwArJXDOQjcQsiQT_w,2025-04-02,15,1080,1920,25,17535,818.0,"[""simon's cat"",""simons cat"",""simons cats"",""simon's katze"",""simon tofield"",""simon the cat"",""simona”"",""Simon"",""Tofield"",""simonscat"",""animated cats"",""animated animals"",""animal (film character)"",""black and white"",""black and white cat"",""cat lovers"",""cat fails"",""cute cats"",""funny cat"",""funny cats"",""kids"",""“for"",""kids”"",""short animation"",""Animated"",""Animation"",""cartoon"",""cartoons"",""Cat"",""cats"",""cute"",""fail"",""fun"",""Funny"",""Humour"",""kitten"",""kittens"",""kitty"",""pets"",""Toons"",""videos""]",mp4,animation_edu,True
Pe4Uh74Ef7U,Cats in Summer #shortsfeed,https://www.youtube.com/watch?v=Pe4Uh74Ef7U,https://www.youtube.com/channel/UCE3pZOwArJXDOQjcQsiQT_w/shorts,Simon's Cat Extra,UCE3pZOwArJXDOQjcQsiQT_w,2025-06-16,36,1080,1080,30,30098,966.0,"[""simon's cat"",""simons cat"",""simons cats"",""simon's katze"",""simon tofield"",""simon the cat"",""simona”"",""Simon"",""Tofield"",""simonscat"",""animated cats"",""animated animals"",""animal (film character)"",""black and white"",""black and white cat"",""cat lovers"",""cat fails"",""cute cats"",""funny cat"",""funny cats"",""kids"",""“for"",""kids”"",""short animation"",""Animated"",""Animation"",""cartoon"",""cartoons"",""Cat"",""cats"",""cute"",""fail"",""fun"",""Funny"",""Humour"",""kitten"",""kittens"",""kitty"",""pets"",""Toons"",""videos""]",mp4,animation_edu,True
PoMwUudlCeU,Winnie the Pooh and the bees?,https://www.youtube.com/watch?v=PoMwUudlCeU,https://www.youtube.com/channel/UCpVm7bg6pXKo1Pr6k5kxG9A/shorts,National Geographic,UCpVm7bg6pXKo1Pr6k5kxG9A,2026-04-11,37,1080,1920,24,20365,337.0,"[""National Geographic"",""Nat Geo docs"",""Animals Lover"",""Wildlife"",""Survival 4k"",""Nature videos"",""Photography 4k"",""Mystery"",""Bertie Gregory"",""Bees video"",""Hive"",""Life of Bees"",""Honey bee"",""Bee Hive"",""Pollination"",""bee documentary"",""bee facts"",""Nat Geo Animals"",""Pollinator"",""Secrets of the Bees"",""Disney+"",""Hulu"",""Wildlife documentary"",""Insect"",""Worker Bees"",""Nat Geo Explorer"",""Exploring 4k"",""Thorax"",""Pollen"",""Yellow Dust"",""Pollen Basket"",""Bee Friendship"",""Docuseries"",""4K Footage"",""Vulture bee"",""Bee species"",""Pooh""]",mp4,nature_wildlife,True
PqlBACiLHs8,I love her though ❤️,https://www.youtube.com/watch?v=PqlBACiLHs8,https://www.youtube.com/channel/UC56D-IHcUvLVFTX_8NpQMXg/shorts,Brent Rivera,UC56D-IHcUvLVFTX_8NpQMXg,2026-05-19,36,720,1280,30,1741322,26873.0,[],mp4,comedy_sketch,True
Q4t9z5W1AoI,ASMR - Salt SPLASH! (Reigen's special move) #shorts,https://www.youtube.com/watch?v=Q4t9z5W1AoI,https://www.youtube.com/channel/UCE6acMV3m35znLcf0JGNn7Q/shorts,Gibi ASMR,UCE6acMV3m35znLcf0JGNn7Q,2026-03-25,60,1080,1920,60,98864,3231.0,[],mp4,asmr,True
QAkEMtJpq3c,"Hit The Button, Win $1,000",https://www.youtube.com/watch?v=QAkEMtJpq3c,https://www.youtube.com/channel/UCX6OQ3DkcsbYNE6H8uQQuVA/shorts,MrBeast,UCX6OQ3DkcsbYNE6H8uQQuVA,2026-05-15,21,1080,1920,30,652624229,3647344.0,[],mp4,challenge_stunts,True
QBsU3G5MjOk,ASMR - My 2026... with some big announcements.,https://www.youtube.com/watch?v=QBsU3G5MjOk,https://www.youtube.com/channel/UCE6acMV3m35znLcf0JGNn7Q/shorts,Gibi ASMR,UCE6acMV3m35znLcf0JGNn7Q,2026-06-18,60,1080,1920,60,95737,6976.0,[],mp4,asmr,True
QGqZxjyUS_Y,What It’s Like Inside A Gypsy Slum (Europe),https://www.youtube.com/watch?v=QGqZxjyUS_Y,https://www.youtube.com/channel/UC0Ize0RLIbGdH5x4wI45G-A/shorts,Drew Binsky,UC0Ize0RLIbGdH5x4wI45G-A,2026-03-22,39,1080,1920,24,129615,3322.0,[],mp4,travel_adventure,True
QOvc4lL2C_8,I ALMOST GOT STUCK IN THIS CAVE!!,https://www.youtube.com/watch?v=QOvc4lL2C_8,https://www.youtube.com/channel/UCF0_hwTeQ73IhJuEtsUbEtA/shorts,Sofie Dossi,UCF0_hwTeQ73IhJuEtsUbEtA,2024-04-24,58,1080,1920,30,707180,24850.0,"[""Sofie Dossi"",""Cave"",""Contortion"",""Flexibility"",""Cave diving"",""Dangerous"",""Stunt""]",mp4,dance,True
QQS43lfrF7c,Who is the Imposter?! 🤫,https://www.youtube.com/watch?v=QQS43lfrF7c,https://www.youtube.com/channel/UC5gxP-2QqIh_09djvlm9Xcg/shorts,Alan's Universe,UC5gxP-2QqIh_09djvlm9Xcg,2026-07-17,56,1080,1920,30,5449702,81766.0,"[""alan chikin chow"",""alan chikin chow tiktok"",""alan chikin chow shorts"",""alan army"",""alan chicken chow"",""alan chicken show"",""alan chikin show""]",mp4,vfx_magic,True
QUx3WaRFrU0,I CAN’T BELIEVE THIS HAPPENED…,https://www.youtube.com/watch?v=QUx3WaRFrU0,https://www.youtube.com/channel/UCF0_hwTeQ73IhJuEtsUbEtA/shorts,Sofie Dossi,UCF0_hwTeQ73IhJuEtsUbEtA,2022-12-23,36,720,1280,30,25999053,596849.0,"[""sofie dossi"",""sofie dossi shorts"",""contortion"",""jake clark"",""sharting"",""fart"",""sofie dossi driving""]",mp4,dance,True
QWO0Y38yzUQ,WATERMELON VS POOL,https://www.youtube.com/watch?v=QWO0Y38yzUQ,https://www.youtube.com/channel/UC5f5IV0Bf79YLp_p9nfInRA/shorts,How Ridiculous,UC5f5IV0Bf79YLp_p9nfInRA,2026-01-21,10,1080,1920,50,1244292,18289.0,[],mp4,sports_trick_shots,True
QaFTwJPKLuo,A 2D Shadow Of A 3D Shadow Of A 4D Hypercube,https://www.youtube.com/watch?v=QaFTwJPKLuo,https://www.youtube.com/channel/UC6nSFpj9HTCZ5t-N3Rm3-HA/shorts,Vsauce,UC6nSFpj9HTCZ5t-N3Rm3-HA,2025-11-21,12,1080,1920,60,7821225,292213.0,[],mp4,education_howto,True
QfrP4zPCBo8,How to change dog with messy and wary behavior #shorts,https://www.youtube.com/watch?v=QfrP4zPCBo8,https://www.youtube.com/channel/UC6zbH1Z4G32bBV9wyK6ikPA/shorts,Kritter Klub,UC6zbH1Z4G32bBV9wyK6ikPA,2024-12-19,50,1080,1920,24,2576,286.0,"[""animalvideo"",""animals"",""kritterklub"",""Kritterklub"",""kritterklubanimal""]",mp4,animals_pets,True
Qhe6NwhxzR0,This Is The Worst Reviewed Hot Dog In New York,https://www.youtube.com/watch?v=Qhe6NwhxzR0,https://www.youtube.com/channel/UC0Ize0RLIbGdH5x4wI45G-A/shorts,Drew Binsky,UC0Ize0RLIbGdH5x4wI45G-A,2026-06-15,34,1080,1920,24,98816,2418.0,[],mp4,travel_adventure,True
QkVN7KnenHI,Male cat breastfeeds a kitten?!#shorts,https://www.youtube.com/watch?v=QkVN7KnenHI,https://www.youtube.com/channel/UC6zbH1Z4G32bBV9wyK6ikPA/shorts,Kritter Klub,UC6zbH1Z4G32bBV9wyK6ikPA,2025-03-28,42,360,640,24,3455,147.0,[],mp4,animals_pets,True
QorD4gNtMCM,My 2026 Mattress Recommendation: Helix Sleep!,https://www.youtube.com/watch?v=QorD4gNtMCM,https://www.youtube.com/channel/UCE6acMV3m35znLcf0JGNn7Q/shorts,Gibi ASMR,UCE6acMV3m35znLcf0JGNn7Q,2026-01-27,52,1080,1920,60,49117,1659.0,[],mp4,asmr,True
Qr8Hi3Nft70,Best shirts we’ve ever made??,https://www.youtube.com/watch?v=Qr8Hi3Nft70,https://www.youtube.com/channel/UC5f5IV0Bf79YLp_p9nfInRA/shorts,How Ridiculous,UC5f5IV0Bf79YLp_p9nfInRA,2025-11-12,23,1080,1920,50,369429,4780.0,[],mp4,sports_trick_shots,True
R-KdFX-C41o,Guess the Phrase!,https://www.youtube.com/watch?v=R-KdFX-C41o,https://www.youtube.com/channel/UC5gxP-2QqIh_09djvlm9Xcg/shorts,Alan's Universe,UC5gxP-2QqIh_09djvlm9Xcg,2026-07-23,38,1080,1920,30,431464,7116.0,"[""alan chikin chow"",""alan chikin chow tiktok"",""alan chikin chow shorts"",""alan army"",""alan chicken chow"",""alan chicken show"",""alan chikin show""]",mp4,vfx_magic,True
R7MkZL5i3FQ,Giving Trick-or-Treaters Weirder and Weirder Gifts,https://www.youtube.com/watch?v=R7MkZL5i3FQ,https://www.youtube.com/channel/UCX6OQ3DkcsbYNE6H8uQQuVA/shorts,MrBeast,UCX6OQ3DkcsbYNE6H8uQQuVA,2025-11-07,27,1080,1920,30,288888665,2426102.0,[],mp4,challenge_stunts,True
RB71Z-vVvCc,"Find The Real Celebrity, Win $10,000",https://www.youtube.com/watch?v=RB71Z-vVvCc,https://www.youtube.com/channel/UCX6OQ3DkcsbYNE6H8uQQuVA/shorts,MrBeast,UCX6OQ3DkcsbYNE6H8uQQuVA,2025-12-19,33,1080,1920,30,273468012,4804035.0,[],mp4,challenge_stunts,True
RDfH8IZQxDE,ASMR - A Luxury Bag! (made of cork??),https://www.youtube.com/watch?v=RDfH8IZQxDE,https://www.youtube.com/channel/UCE6acMV3m35znLcf0JGNn7Q/shorts,Gibi ASMR,UCE6acMV3m35znLcf0JGNn7Q,2026-06-05,60,1080,1920,60,92494,4147.0,[],mp4,asmr,True
RHmnJiF67zc,Have We Ever All BLINKED At The Same Time?,https://www.youtube.com/watch?v=RHmnJiF67zc,https://www.youtube.com/channel/UC6nSFpj9HTCZ5t-N3Rm3-HA/shorts,Vsauce,UC6nSFpj9HTCZ5t-N3Rm3-HA,2024-07-08,60,1080,1920,30,14395837,1174357.0,[],mp4,education_howto,True
RKMtT6QDq94,YOU DO NOT RECOGNIZE THE BODIES IN THE WORMHOLE,https://www.youtube.com/watch?v=RKMtT6QDq94,https://www.youtube.com/channel/UC7_YxT-KID8kRbqZo7MyscQ/shorts,Markiplier,UC7_YxT-KID8kRbqZo7MyscQ,2022-04-27,15,720,1280,30,4472742,316804.0,"[""You do not recognize the bodies in the water"",""In space with Markiplier"",""SCP""]",mp4,gaming,True
RSE9Qy2t3zA,"Meet Tom, Dick & Harry | Simon's Cat Extra #shortsfeed",https://www.youtube.com/watch?v=RSE9Qy2t3zA,https://www.youtube.com/channel/UCE3pZOwArJXDOQjcQsiQT_w/shorts,Simon's Cat Extra,UCE3pZOwArJXDOQjcQsiQT_w,2025-09-07,22,1080,1920,30,32057,1534.0,"[""Simon’s Cat"",""кот саймонаv"",""simon the cat"",""simon cat"",""simons cat color"",""funny cat cartoons"",""animations for cats"",""Cat funny cats"",""Stories about cats"",""simons cats videos"",""simon the cat thanksgiving"",""cat videos cute cat"",""cat videos for cats to watch"",""simon cat full episodes"",""simon cat videos"",""animated short film"",""cat entertainment videos"",""funny videos of cats and dogs"",""cat videos"",""simons cat vet"",""cat cartoon video"",""nature videos for cats""]",mp4,animation_edu,True
RrD-4xTiWYA,Warning: Don’t watch if you’re hungry! #TucciInItaly,https://www.youtube.com/watch?v=RrD-4xTiWYA,https://www.youtube.com/channel/UCpVm7bg6pXKo1Pr6k5kxG9A/shorts,National Geographic,UCpVm7bg6pXKo1Pr6k5kxG9A,2026-05-28,43,1080,1920,24,27095,398.0,"[""national geographic"",""nat geo"",""natgeo"",""animals"",""wildlife"",""science"",""explore"",""discover"",""survival"",""nature"",""culture"",""documentary"",""photography"",""ancient civilization"",""history"",""mystery""]",mp4,nature_wildlife,True
RviOoBcEZvM,I GOT STUCK IN A DRYER!!,https://www.youtube.com/watch?v=RviOoBcEZvM,https://www.youtube.com/channel/UCF0_hwTeQ73IhJuEtsUbEtA/shorts,Sofie Dossi,UCF0_hwTeQ73IhJuEtsUbEtA,2025-01-11,47,1080,1920,30,25979901,424141.0,"[""Sofie Dossi"",""Contortion"",""Flexibility"",""Curly hair"",""Stuck"",""Dryer"",""America’s got talent"",""Agt"",""Extreme bending"",""Funny"",""Short""]",mp4,dance,True
RyzMA6cLsMQ,Grandma ❤️ cat with paralyzed legs #shorts,https://www.youtube.com/watch?v=RyzMA6cLsMQ,https://www.youtube.com/channel/UC6zbH1Z4G32bBV9wyK6ikPA/shorts,Kritter Klub,UC6zbH1Z4G32bBV9wyK6ikPA,2024-12-27,20,360,640,24,4510,410.0,[],mp4,animals_pets,True
S-JBYeHmous,Recreating Viral Memes w/ the AU Cast,https://www.youtube.com/watch?v=S-JBYeHmous,https://www.youtube.com/channel/UC5gxP-2QqIh_09djvlm9Xcg/shorts,Alan's Universe,UC5gxP-2QqIh_09djvlm9Xcg,2026-07-08,23,1080,1920,30,5173826,72919.0,"[""alan chikin chow"",""alan chikin chow tiktok"",""alan chikin chow shorts"",""alan army"",""alan chicken chow"",""alan chicken show"",""alan chikin show""]",mp4,vfx_magic,True
S0-yKSaagxM,Solving Math on WowCube! 🤯🚀 #wowcube,https://www.youtube.com/watch?v=S0-yKSaagxM,https://www.youtube.com/channel/UC295-Dw_tDNtZXFeAPAW6Aw/shorts,5-Minute Crafts,UC295-Dw_tDNtZXFeAPAW6Aw,2025-09-21,39,1080,1920,25,400575,2654.0,"[""5 minute craft"",""5 minutes craft"",""5-minute crafts"",""crafts"",""diy"",""diy activities"",""diy projects"",""do it yourself"",""handcraft"",""howto"",""life hacks"",""lifehacks"",""proyectos faciles"",""tips"",""tricks"",""trucos"",""trucos de belliza"",""tutorial"",""useful things""]",mp4,diy_crafts,True
S0j41OYjVsI,GRWM for a gelato in Capri 🇮🇹 #hudabeauty #lipcombo #grwm #howto,https://www.youtube.com/watch?v=S0j41OYjVsI,https://www.youtube.com/channel/UCRSvEADlY-caz3sfDNwvR1A/shorts,Huda Beauty,UCRSvEADlY-caz3sfDNwvR1A,2025-07-17,50,720,1280,24,98435,2317.0,[],mp4,beauty_fashion,True
SAQdqnEYo3U,🏀 Explosion Drop Test!,https://www.youtube.com/watch?v=SAQdqnEYo3U,https://www.youtube.com/channel/UC5f5IV0Bf79YLp_p9nfInRA/shorts,How Ridiculous,UC5f5IV0Bf79YLp_p9nfInRA,2025-11-26,35,1080,1920,50,86028828,1132134.0,[],mp4,sports_trick_shots,True
SBHhHx92xWo,"How... just how?! 🔥 Watch new #KitchenNightmares on FOX, next day on @hulu",https://www.youtube.com/watch?v=SBHhHx92xWo,https://www.youtube.com/channel/UCIEv3lZ_tNXHzL3ox-_uUGQ/shorts,Gordon Ramsay,UCIEv3lZ_tNXHzL3ox-_uUGQ,2025-01-14,43,1080,1920,24,374577,11384.0,"[""Gordon"",""Gordon Ramsay"",""Ramsay"",""Ramsey"",""Chef Ramsay"",""Recipe"",""Recipes"",""Food"",""Cooking"",""Cookery"",""kitchen nightmares"",""hotel hell"",""the f word"",""gordon ramsay likes the food"",""gordon ramsay burger"",""gordon ramsay steak"",""street food"",""pasta recipes"",""chicken recipe"",""Gordon ramsay kitchen nightmares"",""gordon ramsay hotel hell"",""gordon ramsay cooking"",""gordon ramsay funny moments"",""gordon ramsay recipes"",""gordon ramsay recipes chicken"",""gordon ramsay recipes dinner"",""gordon ramsay recipes breakfast""]",mp4,cooking_food,True
SCxnn2TpXQU,Can Your Phone See This?,https://www.youtube.com/watch?v=SCxnn2TpXQU,https://www.youtube.com/channel/UCBJycsmduvYEL83R_U4JriQ/shorts,Marques Brownlee,UCBJycsmduvYEL83R_U4JriQ,2025-01-13,55,1080,1920,30,1229873,63416.0,"[""iPhone tips"",""iPhone tricks"",""MKBHD"",""hidden feature"",""laundry symbols"",""hidden language""]",mp4,tech_review,True
SD8WJ7O1Q5M,The Best Beats Ever?,https://www.youtube.com/watch?v=SD8WJ7O1Q5M,https://www.youtube.com/channel/UCBJycsmduvYEL83R_U4JriQ/shorts,Marques Brownlee,UCBJycsmduvYEL83R_U4JriQ,2024-06-28,57,1080,1920,30,3808706,126342.0,[],mp4,tech_review,True
SE9xF1l3ZwE,"Hit The Target, Keep The Prize",https://www.youtube.com/watch?v=SE9xF1l3ZwE,https://www.youtube.com/channel/UCX6OQ3DkcsbYNE6H8uQQuVA/shorts,MrBeast,UCX6OQ3DkcsbYNE6H8uQQuVA,2025-12-05,26,1080,1920,30,62114387,1345086.0,[],mp4,challenge_stunts,True
SFJhEE3z8C8,Polenta is a such a versatile side dish ! Here’s one way I take it up a notch on #NextLevelKitchen,https://www.youtube.com/watch?v=SFJhEE3z8C8,https://www.youtube.com/channel/UCIEv3lZ_tNXHzL3ox-_uUGQ/shorts,Gordon Ramsay,UCIEv3lZ_tNXHzL3ox-_uUGQ,2024-03-26,45,1080,1920,24,2593988,75750.0,[],mp4,cooking_food,True
SGnipmKk2IA,I think I’m ready for the World Cup pitch ⚽️ 😂,https://www.youtube.com/watch?v=SGnipmKk2IA,https://www.youtube.com/channel/UCIEv3lZ_tNXHzL3ox-_uUGQ/shorts,Gordon Ramsay,UCIEv3lZ_tNXHzL3ox-_uUGQ,2026-06-19,53,1080,1920,30,180651,5687.0,[],mp4,cooking_food,True
SHfXvz8-YbI,"If ""Call Me"" by Blondie was written in Marilyn Monroe's era... 💙",https://www.youtube.com/watch?v=SHfXvz8-YbI,https://www.youtube.com/channel/UCORIeT1hk6tYBuntEXsguLg/shorts,PostmodernJukebox,UCORIeT1hk6tYBuntEXsguLg,2026-08-07,44,720,1280,30,54616,1712.0,[],mp4,music_performance,True
SLkesJGh4ik,Cat strangled by a 2.7cm diameter tiny collar #shorts,https://www.youtube.com/watch?v=SLkesJGh4ik,https://www.youtube.com/channel/UC6zbH1Z4G32bBV9wyK6ikPA/shorts,Kritter Klub,UC6zbH1Z4G32bBV9wyK6ikPA,2025-03-07,42,1080,1920,24,5562,248.0,"[""animalvideo"",""animals"",""kritterklub"",""Kritterklub"",""kritterklubanimal""]",mp4,animals_pets,True
SOuT8lET7DU,It's all bees on deck when it comes to moving day for a colony! 🐝 #SecretsOfTheBees,https://www.youtube.com/watch?v=SOuT8lET7DU,https://www.youtube.com/channel/UCpVm7bg6pXKo1Pr6k5kxG9A/shorts,National Geographic,UCpVm7bg6pXKo1Pr6k5kxG9A,2026-04-03,58,1080,1920,24,21293,353.0,"[""National Geographic"",""Nat Geo docs"",""Animals Lover"",""Wildlife"",""Survival 4k"",""Nature videos"",""Photography 4k"",""Mystery"",""Bertie Gregory"",""Bees video"",""Hive"",""Life of Bees"",""Honey bee"",""Bee Hive"",""Pollination"",""bee documentary"",""bee facts"",""Nat Geo Animals"",""Pollinator"",""Secrets of the Bees"",""Disney+"",""Hulu"",""Wildlife documentary"",""Insect"",""Worker Bees"",""Pollen"",""Colony of Bees"",""Nat Geo Explorer"",""Bee Workers"",""Exploring 4k"",""Behind the Scenes"",""BTS"",""Bee Colony"",""Earth Month"",""Earth Day"",""Nature"",""Queen Bee"",""short""]",mp4,nature_wildlife,True
ScjQAcbA9e4,Important Announcement From The Grocery Store,https://www.youtube.com/watch?v=ScjQAcbA9e4,https://www.youtube.com/channel/UCX6OQ3DkcsbYNE6H8uQQuVA/shorts,MrBeast,UCX6OQ3DkcsbYNE6H8uQQuVA,2026-04-28,12,1080,1920,30,20462163,612200.0,[],mp4,challenge_stunts,True
Sl_86bN6a8g,Does He Have a Girlfriend?,https://www.youtube.com/watch?v=Sl_86bN6a8g,https://www.youtube.com/channel/UCF0_hwTeQ73IhJuEtsUbEtA/shorts,Sofie Dossi,UCF0_hwTeQ73IhJuEtsUbEtA,2026-05-31,19,1080,1920,30,555375,6608.0,"[""Sofie dossi"",""Sam and colby"",""Sam Golbach"",""Girlfriend"",""Boyfriend"",""Shorts""]",mp4,dance,True
SllXaJiQjBA,Every Youtube Play Button,https://www.youtube.com/watch?v=SllXaJiQjBA,https://www.youtube.com/channel/UCX6OQ3DkcsbYNE6H8uQQuVA/shorts,MrBeast,UCX6OQ3DkcsbYNE6H8uQQuVA,2026-05-19,18,1080,1920,30,391272588,3039183.0,[],mp4,challenge_stunts,True
Smz-gtyI8gg,Taking 1000 Steps with Every Wearable!,https://www.youtube.com/watch?v=Smz-gtyI8gg,https://www.youtube.com/channel/UCBJycsmduvYEL83R_U4JriQ/shorts,Marques Brownlee,UCBJycsmduvYEL83R_U4JriQ,2024-10-26,59,1080,1920,30,3757019,,[],mp4,tech_review,True
Snq819ECHcc,BEHIND THE SCENES OF AMERICA’S GOT TALENT,https://www.youtube.com/watch?v=Snq819ECHcc,https://www.youtube.com/channel/UCF0_hwTeQ73IhJuEtsUbEtA/shorts,Sofie Dossi,UCF0_hwTeQ73IhJuEtsUbEtA,2024-01-13,53,1080,1920,30,1149036,57651.0,"[""Sofie Dossi"",""America’s Got Talent"",""AGT"",""America’s Got Talent Fantasy League"",""Contortion"",""Ariel Hoop"",""Fire""]",mp4,dance,True
SqrqTxLvFFE,WHY WAS THAT SO LOUD?,https://www.youtube.com/watch?v=SqrqTxLvFFE,https://www.youtube.com/channel/UC5f5IV0Bf79YLp_p9nfInRA/shorts,How Ridiculous,UC5f5IV0Bf79YLp_p9nfInRA,2026-01-19,10,1080,1920,50,22936416,126420.0,[],mp4,sports_trick_shots,True
T9uRgn5WrNk,"Our Minis are finally HERE 🤭💖 Your fave routine, now in the cutest travel-friendly sizes! ✨",https://www.youtube.com/watch?v=T9uRgn5WrNk,https://www.youtube.com/channel/UCRSvEADlY-caz3sfDNwvR1A/shorts,Huda Beauty,UCRSvEADlY-caz3sfDNwvR1A,2025-08-29,19,720,1280,24,444198,10679.0,[],mp4,beauty_fashion,True
TAab0Ovk7vY,Hedgehogs Best Bits! | Simon's Cat Extra #shorts,https://www.youtube.com/watch?v=TAab0Ovk7vY,https://www.youtube.com/channel/UCE3pZOwArJXDOQjcQsiQT_w/shorts,Simon's Cat Extra,UCE3pZOwArJXDOQjcQsiQT_w,2025-03-31,43,1080,1920,25,11816,518.0,"[""simon's cat"",""simons cat"",""simons cats"",""simon's katze"",""simon tofield"",""simon the cat"",""simona”"",""Simon"",""Tofield"",""simonscat"",""animated cats"",""animated animals"",""animal (film character)"",""black and white"",""black and white cat"",""cat lovers"",""cat fails"",""cute cats"",""funny cat"",""funny cats"",""kids"",""“for"",""kids”"",""short animation"",""Animated"",""Animation"",""cartoon"",""cartoons"",""Cat"",""cats"",""cute"",""fail"",""fun"",""Funny"",""Humour"",""kitten"",""kittens"",""kitty"",""pets"",""Toons"",""videos""]",mp4,animation_edu,True
TL5iybBx1ck,ASMR - Daisy's dinner order is gonna be pricey $$$ #shorts,https://www.youtube.com/watch?v=TL5iybBx1ck,https://www.youtube.com/channel/UCE6acMV3m35znLcf0JGNn7Q/shorts,Gibi ASMR,UCE6acMV3m35znLcf0JGNn7Q,2026-03-18,60,1080,1920,60,108491,3948.0,[],mp4,asmr,True
TTFC3mR6FsU,This Market Only Sells What They Find In The Trash,https://www.youtube.com/watch?v=TTFC3mR6FsU,https://www.youtube.com/channel/UC0Ize0RLIbGdH5x4wI45G-A/shorts,Drew Binsky,UC0Ize0RLIbGdH5x4wI45G-A,2026-07-24,28,1080,1920,30,112960,3092.0,[],mp4,travel_adventure,True
TYXMpFRqxLE,Cop Alan & Bad Girl Chelsea 🖤,https://www.youtube.com/watch?v=TYXMpFRqxLE,https://www.youtube.com/channel/UC5gxP-2QqIh_09djvlm9Xcg/shorts,Alan's Universe,UC5gxP-2QqIh_09djvlm9Xcg,2026-07-29,9,1080,1920,30,1593661,25534.0,"[""alan chikin chow"",""alan chikin chow tiktok"",""alan chikin chow shorts"",""alan army"",""alan chicken chow"",""alan chicken show"",""alan chikin show""]",mp4,vfx_magic,True
TdzON5SxjEs,Kittens are...| Simon's Cat Extra | #shortsfeed,https://www.youtube.com/watch?v=TdzON5SxjEs,https://www.youtube.com/channel/UCE3pZOwArJXDOQjcQsiQT_w/shorts,Simon's Cat Extra,UCE3pZOwArJXDOQjcQsiQT_w,2025-04-08,55,1080,1920,25,20957,1122.0,"[""simon's cat"",""simons cat"",""simons cats"",""simon's katze"",""simon tofield"",""simon the cat"",""simona”"",""Simon"",""Tofield"",""simonscat"",""animated cats"",""animated animals"",""animal (film character)"",""black and white"",""black and white cat"",""cat lovers"",""cat fails"",""cute cats"",""funny cat"",""funny cats"",""kids"",""“for"",""kids”"",""short animation"",""Animated"",""Animation"",""cartoon"",""cartoons"",""Cat"",""cats"",""cute"",""fail"",""fun"",""Funny"",""Humour"",""kitten"",""kittens"",""kitty"",""pets"",""Toons"",""videos""]",mp4,animation_edu,True
Tf5bCYTpy0w,Could You Live Like This? (World's Coldest City),https://www.youtube.com/watch?v=Tf5bCYTpy0w,https://www.youtube.com/channel/UC0Ize0RLIbGdH5x4wI45G-A/shorts,Drew Binsky,UC0Ize0RLIbGdH5x4wI45G-A,2026-03-09,47,1080,1920,24,211107,5578.0,[],mp4,travel_adventure,True
Tndqfg25nvk,These are what my Idiot Sandwich contestants think are the most overrated sandwich ingredients,https://www.youtube.com/watch?v=Tndqfg25nvk,https://www.youtube.com/channel/UCIEv3lZ_tNXHzL3ox-_uUGQ/shorts,Gordon Ramsay,UCIEv3lZ_tNXHzL3ox-_uUGQ,2026-02-01,43,1080,1920,30,205799,3228.0,[],mp4,cooking_food,True
TtDWpH3UlEc,Classic Films Starring Simon's Cat,https://www.youtube.com/watch?v=TtDWpH3UlEc,https://www.youtube.com/channel/UCE3pZOwArJXDOQjcQsiQT_w/shorts,Simon's Cat Extra,UCE3pZOwArJXDOQjcQsiQT_w,2025-05-04,57,1080,1920,25,19473,838.0,"[""simon's cat"",""simons cat"",""simons cats"",""simon's katze"",""simon tofield"",""simon the cat"",""simona”"",""Simon"",""Tofield"",""simonscat"",""cat lovers"",""cute cats"",""funny cat"",""kitty"",""videos for cats on youtube"",""funny funny funny animal videos"",""funny cat videos"",""simon cat full episodes"",""simon cat videos"",""cat videos"",""bird videos for cats to watch""]",mp4,animation_edu,True
Ty0baUWVcXs,"Airbrushed and matte, we know that’s right! 🙂‍↕️",https://www.youtube.com/watch?v=Ty0baUWVcXs,https://www.youtube.com/channel/UCRSvEADlY-caz3sfDNwvR1A/shorts,Huda Beauty,UCRSvEADlY-caz3sfDNwvR1A,2026-01-23,11,576,1024,30,1971127,30027.0,[],mp4,beauty_fashion,True
TzR9WdKxNzE,A gift from the ocean? Mysterious WOWCube found 🌊❓ #unexpected #wowcube,https://www.youtube.com/watch?v=TzR9WdKxNzE,https://www.youtube.com/channel/UC295-Dw_tDNtZXFeAPAW6Aw/shorts,5-Minute Crafts,UC295-Dw_tDNtZXFeAPAW6Aw,2025-10-16,25,1080,1920,25,443590,2585.0,"[""5 minute craft"",""5 minutes craft"",""5-minute crafts"",""crafts"",""diy"",""diy activities"",""diy projects"",""do it yourself"",""handcraft"",""howto"",""life hacks"",""lifehacks"",""proyectos faciles"",""tips"",""tricks"",""trucos"",""trucos de belliza"",""tutorial"",""useful things""]",mp4,diy_crafts,True
U-x6KxH1kB4,How Many People to Pull a Plane?,https://www.youtube.com/watch?v=U-x6KxH1kB4,https://www.youtube.com/channel/UCX6OQ3DkcsbYNE6H8uQQuVA/shorts,MrBeast,UCX6OQ3DkcsbYNE6H8uQQuVA,2025-12-06,27,1080,1920,30,50519926,1006754.0,[],mp4,challenge_stunts,True
U5qMutFgz8A,Making hydrogen and oxygen bubbles,https://www.youtube.com/watch?v=U5qMutFgz8A,https://www.youtube.com/channel/UCFhXFikryT4aFcLkLw2LBLA/shorts,NileRed,UCFhXFikryT4aFcLkLw2LBLA,2022-06-29,60,1080,1920,60,45497602,2864622.0,"[""nilered"",""nile"",""red"",""science"",""chemistry"",""hydrogen"",""oxygen"",""bubbles"",""hydroxy"",""mixture"",""gas""]",mp4,high_speed_science,True
U9eEUdwM5tg,Glute workout routine - gym version 🍑,https://www.youtube.com/watch?v=U9eEUdwM5tg,https://www.youtube.com/channel/UCCgLoMYIyP0U56dEhEL1wXQ/shorts,Chloe Ting,UCCgLoMYIyP0U56dEhEL1wXQ,2024-12-22,9,1080,1920,30,749640,12030.0,[],mp4,fitness,True
UDh4iiQUib4,Update on a rescue dog! #shorts,https://www.youtube.com/watch?v=UDh4iiQUib4,https://www.youtube.com/channel/UC6zbH1Z4G32bBV9wyK6ikPA/shorts,Kritter Klub,UC6zbH1Z4G32bBV9wyK6ikPA,2025-03-28,42,360,640,24,3578,115.0,[],mp4,animals_pets,True
UK_Wja0PTsc,A DRONE Delivers Lunch,https://www.youtube.com/watch?v=UK_Wja0PTsc,https://www.youtube.com/channel/UCBJycsmduvYEL83R_U4JriQ/shorts,Marques Brownlee,UCBJycsmduvYEL83R_U4JriQ,2025-03-25,48,1080,1920,30,2621734,108728.0,"[""drone delivery"",""zipline"",""zipline drone""]",mp4,tech_review,True
UNepVSnH-eM,Donut prank GONE WRONG,https://www.youtube.com/watch?v=UNepVSnH-eM,https://www.youtube.com/channel/UC56D-IHcUvLVFTX_8NpQMXg/shorts,Brent Rivera,UC56D-IHcUvLVFTX_8NpQMXg,2026-04-04,38,1080,1920,30,4999850,55358.0,[],mp4,comedy_sketch,True
UOycYADt5Hg,ASMR - Spirit Repelling Aromatherapy Treatment #shorts,https://www.youtube.com/watch?v=UOycYADt5Hg,https://www.youtube.com/channel/UCE6acMV3m35znLcf0JGNn7Q/shorts,Gibi ASMR,UCE6acMV3m35znLcf0JGNn7Q,2026-03-27,60,1080,1920,60,87742,2682.0,[],mp4,asmr,True
USRxn8c0ge0,I WENT TO THE GRAMMYS...,https://www.youtube.com/watch?v=USRxn8c0ge0,https://www.youtube.com/channel/UCF0_hwTeQ73IhJuEtsUbEtA/shorts,Sofie Dossi,UCF0_hwTeQ73IhJuEtsUbEtA,2023-02-22,38,720,1280,30,37441557,1268597.0,"[""sofie dossi"",""sofie dossi shorts"",""shorts"",""grammys"",""grammys red carpet"",""red carpet""]",mp4,dance,True
UUJh25-8oK4,You don't need an alarm when you have a Cat! | Simon's Cat Extra | #shorts #cat #simonscat,https://www.youtube.com/watch?v=UUJh25-8oK4,https://www.youtube.com/channel/UCE3pZOwArJXDOQjcQsiQT_w/shorts,Simon's Cat Extra,UCE3pZOwArJXDOQjcQsiQT_w,2025-03-29,34,1080,1920,25,171202,6570.0,"[""simon's cat"",""simons cat"",""simons cats"",""simon's katze"",""simon tofield"",""simon the cat"",""simona”"",""Simon"",""Tofield"",""simonscat"",""animated cats"",""animated animals"",""animal (film character)"",""black and white"",""black and white cat"",""cat lovers"",""cat fails"",""cute cats"",""funny cat"",""funny cats"",""kids"",""“for"",""kids”"",""short animation"",""Animated"",""Animation"",""cartoon"",""cartoons"",""Cat"",""cats"",""cute"",""fail"",""fun"",""Funny"",""Humour"",""kitten"",""kittens"",""kitty"",""pets"",""Toons"",""videos""]",mp4,animation_edu,True
UWs3PWhVV70,The Assassin's Water Bottle,https://www.youtube.com/watch?v=UWs3PWhVV70,https://www.youtube.com/channel/UC6nSFpj9HTCZ5t-N3Rm3-HA/shorts,Vsauce,UC6nSFpj9HTCZ5t-N3Rm3-HA,2024-09-10,60,1080,1920,30,17843237,1123993.0,[],mp4,education_howto,True
UrhKuIJzl7E,How The Dinosaurs REALLY Went Extinct... 🎯🦖,https://www.youtube.com/watch?v=UrhKuIJzl7E,https://www.youtube.com/channel/UC5f5IV0Bf79YLp_p9nfInRA/shorts,How Ridiculous,UC5f5IV0Bf79YLp_p9nfInRA,2025-01-28,39,1080,1920,50,2587736,65700.0,"[""how ridiculous"",""rexy"",""44club""]",mp4,sports_trick_shots,True
Uyihf0KDFV8,When you’re cooking #pasta here’s an amazing #NextLevelKitchen tip to dress it evenly #gordonramsay,https://www.youtube.com/watch?v=Uyihf0KDFV8,https://www.youtube.com/channel/UCIEv3lZ_tNXHzL3ox-_uUGQ/shorts,Gordon Ramsay,UCIEv3lZ_tNXHzL3ox-_uUGQ,2024-04-08,33,1080,1920,24,4071696,103939.0,[],mp4,cooking_food,True
VC0Dbi0P-kI,This Island Gave Me A Life-Threatening Rash,https://www.youtube.com/watch?v=VC0Dbi0P-kI,https://www.youtube.com/channel/UC0Ize0RLIbGdH5x4wI45G-A/shorts,Drew Binsky,UC0Ize0RLIbGdH5x4wI45G-A,2026-07-11,29,1080,1920,30,243407,4659.0,[],mp4,travel_adventure,True
VIE2Ri2DQJg,Why Fitbit Air Could Be Huge,https://www.youtube.com/watch?v=VIE2Ri2DQJg,https://www.youtube.com/channel/UCBJycsmduvYEL83R_U4JriQ/shorts,Marques Brownlee,UCBJycsmduvYEL83R_U4JriQ,2026-05-15,59,1080,1920,30,2928517,78928.0,"[""Fitbit Air"",""whoop"",""fitbit vs whoop"",""fitbit air vs whoop""]",mp4,tech_review,True
VQZnd4QrC2g,How often should you feed your cat? | Simon's Cat Extra,https://www.youtube.com/watch?v=VQZnd4QrC2g,https://www.youtube.com/channel/UCE3pZOwArJXDOQjcQsiQT_w/shorts,Simon's Cat Extra,UCE3pZOwArJXDOQjcQsiQT_w,2025-04-01,46,1080,1920,25,12967,595.0,"[""simon's cat"",""simons cat"",""simons cats"",""simon's katze"",""simon tofield"",""simon the cat"",""simona”"",""Simon"",""Tofield"",""simonscat"",""animated cats"",""animated animals"",""animal (film character)"",""black and white"",""black and white cat"",""cat lovers"",""cat fails"",""cute cats"",""funny cat"",""funny cats"",""short animation"",""Animated"",""Animation"",""cartoon"",""cartoons"",""Cat"",""cats"",""cute"",""fail"",""fun"",""Funny"",""Humour"",""kitten"",""kittens"",""kitty"",""pets"",""Toons"",""videos""]",mp4,animation_edu,True
VZIUL5Kmtgs,A Funeral For A Species,https://www.youtube.com/watch?v=VZIUL5Kmtgs,https://www.youtube.com/channel/UC6nSFpj9HTCZ5t-N3Rm3-HA/shorts,Vsauce,UC6nSFpj9HTCZ5t-N3Rm3-HA,2024-10-10,60,720,1280,30,10551566,831810.0,[],mp4,education_howto,True
VjPQA8aXE_M,This reaction is hard to find,https://www.youtube.com/watch?v=VjPQA8aXE_M,https://www.youtube.com/channel/UCFhXFikryT4aFcLkLw2LBLA/shorts,NileRed,UCFhXFikryT4aFcLkLw2LBLA,2021-08-18,60,1080,1920,60,15933065,1201221.0,"[""nilered"",""nile"",""red"",""science"",""chemistry"",""briggs"",""rauscher"",""oscillating"",""reaction"",""color"",""colour"",""change""]",mp4,high_speed_science,True
VlSnbkuvXcc,Some things have to be seen to be bee-lieved 🐝 #SecretsOfTheBees,https://www.youtube.com/watch?v=VlSnbkuvXcc,https://www.youtube.com/channel/UCpVm7bg6pXKo1Pr6k5kxG9A/shorts,National Geographic,UCpVm7bg6pXKo1Pr6k5kxG9A,2026-04-19,53,1080,1920,24,28878,686.0,"[""National Geographic"",""Nat Geo docs"",""Animals Lover"",""Wildlife"",""Survival 4k"",""Nature videos"",""Photography 4k"",""Mystery"",""Bertie Gregory"",""Bees video"",""Hive"",""Life of Bees"",""Honey bee"",""Bee Hive"",""Pollination"",""bee documentary"",""bee facts"",""Nat Geo Animals"",""Pollinator"",""Secrets of the Bees"",""Disney+"",""Hulu"",""Wildlife documentary"",""Insect"",""Worker Bees"",""Nat Geo Explorer"",""Exploring 4k"",""Eggs"",""Pollen"",""Yellow Dust"",""Pollen Basket"",""Behind the Scenes"",""Docuseries"",""Queen Bee"",""Vulture bees"",""Busy Bee"",""BTS"",""Short""]",mp4,nature_wildlife,True
WEjtXxB_s-k,Got a special delivery at my Street Pizza in DC…..on my least favourite day. #NationalPineappleDay,https://www.youtube.com/watch?v=WEjtXxB_s-k,https://www.youtube.com/channel/UCIEv3lZ_tNXHzL3ox-_uUGQ/shorts,Gordon Ramsay,UCIEv3lZ_tNXHzL3ox-_uUGQ,2024-06-27,9,720,1280,30,5800864,169795.0,[],mp4,cooking_food,True
WLYwcA9W1Cc,Racehorse' life after retirement... #shorts,https://www.youtube.com/watch?v=WLYwcA9W1Cc,https://www.youtube.com/channel/UC6zbH1Z4G32bBV9wyK6ikPA/shorts,Kritter Klub,UC6zbH1Z4G32bBV9wyK6ikPA,2025-02-21,42,1080,1920,24,2671,160.0,"[""animalvideo"",""animals"",""kritterklub"",""Kritterklub"",""kritterklubanimal""]",mp4,animals_pets,True
WROMyJAJmp4,Can I Beat An F1 Driver?,https://www.youtube.com/watch?v=WROMyJAJmp4,https://www.youtube.com/channel/UCX6OQ3DkcsbYNE6H8uQQuVA/shorts,MrBeast,UCX6OQ3DkcsbYNE6H8uQQuVA,2025-11-18,11,1080,1920,30,446668089,3553646.0,[],mp4,challenge_stunts,True
WhWkNOUWDk0,If you’re moving into a dorm room this autumn…..please don’t cook your #food like this,https://www.youtube.com/watch?v=WhWkNOUWDk0,https://www.youtube.com/channel/UCIEv3lZ_tNXHzL3ox-_uUGQ/shorts,Gordon Ramsay,UCIEv3lZ_tNXHzL3ox-_uUGQ,2024-08-19,60,1080,1920,30,2372258,126182.0,[],mp4,cooking_food,True
Wr3Gtcjgim4,Life with Cats in Colour - Out Now!,https://www.youtube.com/watch?v=Wr3Gtcjgim4,https://www.youtube.com/channel/UCE3pZOwArJXDOQjcQsiQT_w/shorts,Simon's Cat Extra,UCE3pZOwArJXDOQjcQsiQT_w,2025-04-03,12,1080,1920,25,20008,760.0,"[""simon's cat"",""simons cat"",""simons cats"",""simon's katze"",""simon tofield"",""simon the cat"",""simona”"",""Simon"",""Tofield"",""simonscat"",""animated cats"",""animated animals"",""animal (film character)"",""black and white"",""black and white cat"",""cat lovers"",""cat fails"",""cute cats"",""funny cat"",""funny cats"",""kids"",""“for"",""kids”"",""short animation"",""Animated"",""Animation"",""cartoon"",""cartoons"",""Cat"",""cats"",""cute"",""fail"",""fun"",""Funny"",""Humour"",""kitten"",""kittens"",""kitty"",""pets"",""Toons"",""videos""]",mp4,animation_edu,True
WzV-o4sY3BI,Two dogs have two different places to be in mind #shorts,https://www.youtube.com/watch?v=WzV-o4sY3BI,https://www.youtube.com/channel/UC6zbH1Z4G32bBV9wyK6ikPA/shorts,Kritter Klub,UC6zbH1Z4G32bBV9wyK6ikPA,2025-03-20,42,360,640,24,2615,154.0,[],mp4,animals_pets,True
X-0Cpd36kcs,Simon's Cat Plushie Charm Bundle,https://www.youtube.com/watch?v=X-0Cpd36kcs,https://www.youtube.com/channel/UCE3pZOwArJXDOQjcQsiQT_w/shorts,Simon's Cat Extra,UCE3pZOwArJXDOQjcQsiQT_w,2026-07-03,58,1080,1920,30,5374,357.0,"[""Simon’s Cat"",""кот саймонаv"",""simon the cat"",""simon cat"",""simons cat color"",""funny cat cartoons"",""animations for cats"",""Cat funny cats"",""Stories about cats"",""simons cats videos"",""simon the cat thanksgiving"",""cat videos cute cat"",""cat videos for cats to watch"",""simon cat full episodes"",""simon cat videos"",""animated short film"",""cat entertainment videos"",""funny videos of cats and dogs"",""cat videos"",""simons cat vet"",""cat cartoon video"",""nature videos for cats""]",mp4,animation_edu,True
X7dLXy3i-1M,We did NOT see that coming!,https://www.youtube.com/watch?v=X7dLXy3i-1M,https://www.youtube.com/channel/UC5f5IV0Bf79YLp_p9nfInRA/shorts,How Ridiculous,UC5f5IV0Bf79YLp_p9nfInRA,2025-02-12,18,1080,1920,25,3802779,59586.0,"[""how ridiculous"",""rexy"",""44club""]",mp4,sports_trick_shots,True
XCGVurja73c,I Raced The Fastest Man On Earth,https://www.youtube.com/watch?v=XCGVurja73c,https://www.youtube.com/channel/UCX6OQ3DkcsbYNE6H8uQQuVA/shorts,MrBeast,UCX6OQ3DkcsbYNE6H8uQQuVA,2026-06-24,24,1080,1920,30,85875813,2054065.0,[],mp4,challenge_stunts,True
XFvx-ktGUfg,Meet KALAMANTINA—our new faux filler lip oil in a juicy clementine scent 🧡🍊,https://www.youtube.com/watch?v=XFvx-ktGUfg,https://www.youtube.com/channel/UCRSvEADlY-caz3sfDNwvR1A/shorts,Huda Beauty,UCRSvEADlY-caz3sfDNwvR1A,2025-07-19,54,720,1280,25,446352,18156.0,[],mp4,beauty_fashion,True
XJ0OCBti4dc,The ultimate sibling test!,https://www.youtube.com/watch?v=XJ0OCBti4dc,https://www.youtube.com/channel/UC56D-IHcUvLVFTX_8NpQMXg/shorts,Brent Rivera,UC56D-IHcUvLVFTX_8NpQMXg,2026-05-31,44,1080,1920,30,25782311,344735.0,[],mp4,comedy_sketch,True
XJ4wul0qEuQ,Thin Film Interference,https://www.youtube.com/watch?v=XJ4wul0qEuQ,https://www.youtube.com/channel/UC6nSFpj9HTCZ5t-N3Rm3-HA/shorts,Vsauce,UC6nSFpj9HTCZ5t-N3Rm3-HA,2024-09-21,57,1080,1920,30,6880480,424082.0,[],mp4,education_howto,True
XXPjZwYY4z4,Only 1 Phone Comes With This,https://www.youtube.com/watch?v=XXPjZwYY4z4,https://www.youtube.com/channel/UCBJycsmduvYEL83R_U4JriQ/shorts,Marques Brownlee,UCBJycsmduvYEL83R_U4JriQ,2024-11-16,56,1080,1920,30,532249,26345.0,[],mp4,tech_review,True
XajOrv6XM1M,The most dangerous waterpark!,https://www.youtube.com/watch?v=XajOrv6XM1M,https://www.youtube.com/channel/UC56D-IHcUvLVFTX_8NpQMXg/shorts,Brent Rivera,UC56D-IHcUvLVFTX_8NpQMXg,2026-03-04,29,1080,1920,30,1215241,16752.0,[],mp4,comedy_sketch,True
XmB-cT6xw_Y,Back to School with Walmart! 📘✏️ @Walmart #Walmartpartners,https://www.youtube.com/watch?v=XmB-cT6xw_Y,https://www.youtube.com/channel/UC5gxP-2QqIh_09djvlm9Xcg/shorts,Alan's Universe,UC5gxP-2QqIh_09djvlm9Xcg,2026-08-05,50,1080,1920,30,15966567,114351.0,"[""alan chikin chow"",""alan chikin chow tiktok"",""alan chikin chow shorts"",""alan army"",""alan chicken chow"",""alan chicken show"",""alan chikin show""]",mp4,vfx_magic,True
XmSpccnn_QU,HOW DID THIS TURN OUT GOOD?!,https://www.youtube.com/watch?v=XmSpccnn_QU,https://www.youtube.com/channel/UCF0_hwTeQ73IhJuEtsUbEtA/shorts,Sofie Dossi,UCF0_hwTeQ73IhJuEtsUbEtA,2024-07-26,13,1080,1920,24,769744,19868.0,"[""Sofie Dossi"",""Music video"",""Contortion"",""Singing"",""Self sabotage"",""Bunny"",""Fire alarm"",""Agt"",""Flexibility"",""New music"",""Pop music"",""Alternative"",""Fireworks"",""Sofie Dossi singing"",""Sofie Dossi ex"",""Sofie Dossi bf""]",mp4,dance,True
Y0PUSX4KcUU,DONT GET PUNCHED!!,https://www.youtube.com/watch?v=Y0PUSX4KcUU,https://www.youtube.com/channel/UC56D-IHcUvLVFTX_8NpQMXg/shorts,Brent Rivera,UC56D-IHcUvLVFTX_8NpQMXg,2025-09-18,30,1080,1920,30,3350034,41278.0,[],mp4,comedy_sketch,True
Y24YkmeOghw,This chemical does something weird when it's burned,https://www.youtube.com/watch?v=Y24YkmeOghw,https://www.youtube.com/channel/UCFhXFikryT4aFcLkLw2LBLA/shorts,NileRed,UCFhXFikryT4aFcLkLw2LBLA,2021-07-11,59,1080,1920,60,8742459,504633.0,"[""nilered"",""nile"",""red"",""science"",""chemistry"",""nitroaniline"",""burn"",""react"",""reaction"",""sulfuric"",""acid"",""snake"",""carbon"",""4-nitroaniline"",""p-nitroaniline"",""weird""]",mp4,high_speed_science,True
Y4Dvh9r7deY,Look closer and experience all the drama from inside the hive 🐝 #SecretsOfTheBees,https://www.youtube.com/watch?v=Y4Dvh9r7deY,https://www.youtube.com/channel/UCpVm7bg6pXKo1Pr6k5kxG9A/shorts,National Geographic,UCpVm7bg6pXKo1Pr6k5kxG9A,2026-04-01,29,1080,1920,24,25752,344.0,"[""National Geographic"",""Nat Geo"",""natgeo"",""Animals Lover"",""Wildlife"",""Survival 4k"",""Nature video"",""Documentary Nat Geo"",""Photography 4k"",""History"",""Mystery"",""Secret of the Bees"",""Bertie Gregory"",""Bees video"",""Hive"",""Life of Bees"",""Architecture"",""Bee Hives"",""Pollination"",""secret life of bees"",""honey bees"",""bee documentary"",""bee facts"",""Nat Geo Animals"",""Saving the Bees"",""Pollinators"",""Secrets of the Bees"",""Disney+"",""Hulu"",""Wildlife documentary"",""docuseries"",""Bertie"",""shorts"",""conservation"",""Earth Month"",""Earth Day"",""Insect""]",mp4,nature_wildlife,True
Y6hAZQbLZAM,Kitten in need of medical attention rescue #shorts,https://www.youtube.com/watch?v=Y6hAZQbLZAM,https://www.youtube.com/channel/UC6zbH1Z4G32bBV9wyK6ikPA/shorts,Kritter Klub,UC6zbH1Z4G32bBV9wyK6ikPA,2025-03-14,42,360,640,24,3572,208.0,[],mp4,animals_pets,True
YA_kX8hu1gg,This Plane Takes Off in 12 Seconds,https://www.youtube.com/watch?v=YA_kX8hu1gg,https://www.youtube.com/channel/UCX6OQ3DkcsbYNE6H8uQQuVA/shorts,MrBeast,UCX6OQ3DkcsbYNE6H8uQQuVA,2026-06-26,19,1080,1920,30,31201026,918769.0,[],mp4,challenge_stunts,True
YKax1HA4vHg,The Last Photograph We Took Of Earth,https://www.youtube.com/watch?v=YKax1HA4vHg,https://www.youtube.com/channel/UC6nSFpj9HTCZ5t-N3Rm3-HA/shorts,Vsauce,UC6nSFpj9HTCZ5t-N3Rm3-HA,2024-10-16,60,720,1280,30,25547251,1582180.0,[],mp4,education_howto,True
YX2mxBPshNA,I bought the essence of poop,https://www.youtube.com/watch?v=YX2mxBPshNA,https://www.youtube.com/channel/UCFhXFikryT4aFcLkLw2LBLA/shorts,NileRed,UCFhXFikryT4aFcLkLw2LBLA,2021-11-29,34,1080,1920,60,4638745,284412.0,"[""nilered"",""nile"",""red"",""science"",""chemistry"",""skatole"",""essence"",""poop"",""poo"",""bought"",""crystals"",""pure""]",mp4,high_speed_science,True
YXMPlXF3knI,They Forbid Me To Film Here (North Korea Border),https://www.youtube.com/watch?v=YXMPlXF3knI,https://www.youtube.com/channel/UC0Ize0RLIbGdH5x4wI45G-A/shorts,Drew Binsky,UC0Ize0RLIbGdH5x4wI45G-A,2026-04-27,24,1080,1920,24,120572,2330.0,[],mp4,travel_adventure,True
YqQwSP6xIoE,AGAIN! This time at the airport!! Let us know before our flight leaves!,https://www.youtube.com/watch?v=YqQwSP6xIoE,https://www.youtube.com/channel/UC56D-IHcUvLVFTX_8NpQMXg/shorts,Brent Rivera,UC56D-IHcUvLVFTX_8NpQMXg,2026-01-09,9,1080,1920,30,3681341,33038.0,[],mp4,comedy_sketch,True
YvIzIyYnlHM,I made a fan cry!!😢,https://www.youtube.com/watch?v=YvIzIyYnlHM,https://www.youtube.com/channel/UC56D-IHcUvLVFTX_8NpQMXg/shorts,Brent Rivera,UC56D-IHcUvLVFTX_8NpQMXg,2026-05-23,42,1080,1920,30,10916064,176225.0,[],mp4,comedy_sketch,True
YxCMD7_t6hs,😂😂,https://www.youtube.com/watch?v=YxCMD7_t6hs,https://www.youtube.com/channel/UC56D-IHcUvLVFTX_8NpQMXg/shorts,Brent Rivera,UC56D-IHcUvLVFTX_8NpQMXg,2026-03-05,7,1080,1920,30,2572890,19709.0,[],mp4,comedy_sketch,True
Z6KS7mb1BPk,These chemicals singe my eyeballs,https://www.youtube.com/watch?v=Z6KS7mb1BPk,https://www.youtube.com/channel/UCFhXFikryT4aFcLkLw2LBLA/shorts,NileRed,UCFhXFikryT4aFcLkLw2LBLA,2022-02-10,57,1080,1920,60,19128708,1611468.0,"[""nilered"",""nile"",""red"",""science"",""chemistry"",""silver"",""nitrate"",""magnesium"",""singe"",""eyeballs"",""bright"",""flash"",""explosion"",""blind"",""reaction"",""powder"",""light""]",mp4,high_speed_science,True
ZDFFJPb2Ln0,Paid content for Visit Reno Tahoe,https://www.youtube.com/watch?v=ZDFFJPb2Ln0,https://www.youtube.com/channel/UCpVm7bg6pXKo1Pr6k5kxG9A/shorts,National Geographic,UCpVm7bg6pXKo1Pr6k5kxG9A,2026-06-05,28,1080,1920,30,178441,257.0,"[""National Geographic"",""Nat Geo"",""Explore with Us"",""Survival 4k"",""Nature video"",""Documentary Nat Geo"",""Photography 4k"",""Nat Geo Collaboration"",""Paid content"",""Youth Innovation"",""Lake Tahoe"",""Reno Nevada"",""High Desert Adventure"",""Reno Tahoe Travel"",""Nevada Tourism"",""Exploration"",""Alpine Waters"",""Urban River Corridor"",""Desert Landscape"",""Sofia Jaramillo Photography"",""Nat Geo Travel"",""Unique Reno Tahoe"",""Adventure In Nevada"",""Reno Travel Guide"",""Visit Reno Tahoe"",""Exploring 4k"",""Travel"",""Tourism""]",mp4,nature_wildlife,True
ZJUdQ8Nlges,Take that rating & shove it 🤬 Stubborn owners are back on my new series on ​⁠@FOXTV,https://www.youtube.com/watch?v=ZJUdQ8Nlges,https://www.youtube.com/channel/UCIEv3lZ_tNXHzL3ox-_uUGQ/shorts,Gordon Ramsay,UCIEv3lZ_tNXHzL3ox-_uUGQ,2025-05-28,28,1080,1920,30,2876189,63101.0,[],mp4,cooking_food,True
ZZakOM-tyDA,I Went To The World's Most Overcrowded City,https://www.youtube.com/watch?v=ZZakOM-tyDA,https://www.youtube.com/channel/UC0Ize0RLIbGdH5x4wI45G-A/shorts,Drew Binsky,UC0Ize0RLIbGdH5x4wI45G-A,2025-12-18,41,1080,1920,30,144340,3403.0,[],mp4,travel_adventure,True
ZcYAqSujrjc,I CAUGHT THIS ON CAMERA…,https://www.youtube.com/watch?v=ZcYAqSujrjc,https://www.youtube.com/channel/UCF0_hwTeQ73IhJuEtsUbEtA/shorts,Sofie Dossi,UCF0_hwTeQ73IhJuEtsUbEtA,2024-03-30,54,1080,1920,30,1826803,60472.0,"[""Sofie Dossi"",""Haunted"",""Ghost"",""Contortion"",""Flexible"",""Scary""]",mp4,dance,True
ZkbfsJIBn5Q,Is This The Most Dangerous AGT Performance? #americasgottalent #sofiedossi,https://www.youtube.com/watch?v=ZkbfsJIBn5Q,https://www.youtube.com/channel/UCF0_hwTeQ73IhJuEtsUbEtA/shorts,Sofie Dossi,UCF0_hwTeQ73IhJuEtsUbEtA,2024-02-15,52,1080,1920,30,4671974,217328.0,"[""sofie dossi"",""america's got talent 2016"",""agt"",""contortionist"",""acrobat"",""americas got talent"",""fantasy league"",""Sofie Dossi fantasy league"",""americas got talent sofie dossi"",""Sofie Dossi wheel"",""wheel of death""]",mp4,dance,True
ZpLP90Bt53A,"""Die With A Smile,"" but with 1940s vocal harmonies",https://www.youtube.com/watch?v=ZpLP90Bt53A,https://www.youtube.com/channel/UCORIeT1hk6tYBuntEXsguLg/shorts,PostmodernJukebox,UCORIeT1hk6tYBuntEXsguLg,2025-02-09,50,720,1280,30,164771,11498.0,[],mp4,music_performance,True
ZqL3qTJJIc4,Ferrofluid is crazy,https://www.youtube.com/watch?v=ZqL3qTJJIc4,https://www.youtube.com/channel/UCFhXFikryT4aFcLkLw2LBLA/shorts,NileRed,UCFhXFikryT4aFcLkLw2LBLA,2022-06-30,60,1080,1920,60,41013545,2907701.0,"[""nilered"",""nile"",""red"",""science"",""chemistry"",""ferrofluid"",""magnet"",""magnetic"",""spike"",""spikes"",""smooth"",""marker""]",mp4,high_speed_science,True
ZvgZWqaranw,Gaming on the BACK of the phone?,https://www.youtube.com/watch?v=ZvgZWqaranw,https://www.youtube.com/channel/UCBJycsmduvYEL83R_U4JriQ/shorts,Marques Brownlee,UCBJycsmduvYEL83R_U4JriQ,2024-11-19,57,1080,1920,30,2977249,158588.0,[],mp4,tech_review,True
Zxj1KoRC26o,The female Dawson’s burrowing bee emerges into a frantic mating scene #SecretsOfTheBees,https://www.youtube.com/watch?v=Zxj1KoRC26o,https://www.youtube.com/channel/UCpVm7bg6pXKo1Pr6k5kxG9A/shorts,National Geographic,UCpVm7bg6pXKo1Pr6k5kxG9A,2026-04-16,18,1080,1920,24,55485,562.0,"[""National Geographic"",""Nat Geo docs"",""Animals Lover"",""Wildlife"",""Survival 4k"",""Nature videos"",""Photography 4k"",""Mystery"",""Bertie Gregory"",""Bees video"",""Hive"",""Life of Bees"",""Honey bee"",""Bee Hive"",""Pollination"",""bee documentary"",""bee facts"",""Nat Geo Animals"",""Pollinator"",""Secrets of the Bees"",""Disney+"",""Hulu"",""Wildlife documentary"",""Insects"",""Worker Bees"",""Nat Geo Explorer"",""Exploring 4k"",""Pollen"",""Docuseries"",""BTS"",""Mating videos"",""Male bees"",""Female bees"",""Dawson Bee"",""Earth Month"",""Behind the Scenes"",""Earth day""]",mp4,nature_wildlife,True
ZzVIWXlbosA,Filming any kind of wildlife has its own unique set of hazards. #SecretsOfTheBees,https://www.youtube.com/watch?v=ZzVIWXlbosA,https://www.youtube.com/channel/UCpVm7bg6pXKo1Pr6k5kxG9A/shorts,National Geographic,UCpVm7bg6pXKo1Pr6k5kxG9A,2026-04-21,40,1080,1920,24,30202,618.0,"[""National Geographic"",""Nat Geo docs"",""Animals Lover"",""Wildlife"",""Survival 4k"",""Nature video"",""Photography 4k"",""Mystery"",""Bertie Gregory"",""Bees video"",""Hive"",""Life of Bees"",""Honey bee"",""Bee Hive"",""Pollination"",""bee documentary"",""bee facts"",""Nat Geo Animals"",""Pollinator"",""Secrets of the Bees"",""Disney+"",""Hulu"",""Wildlife documentary"",""Insect"",""Worker Bee"",""Nat Geo Explorer"",""Exploring 4k"",""Behind the Scenes"",""Docuseries"",""Queen Bee"",""Vulture bees"",""Bee species"",""Hazard"",""Bee sting"",""BTS"",""Bee Puns"",""docuseries"",""short""]",mp4,nature_wildlife,True
_2f4hajsNXk,DIY Aloe Vera Beauty hacks for your routine 🌿🌱🍃,https://www.youtube.com/watch?v=_2f4hajsNXk,https://www.youtube.com/channel/UC295-Dw_tDNtZXFeAPAW6Aw/shorts,5-Minute Crafts,UC295-Dw_tDNtZXFeAPAW6Aw,2025-12-01,35,1080,1920,25,661600,3947.0,[],mp4,diy_crafts,True
_EUHsQEkSEw,MOST DANGEROUS HOTEL!!,https://www.youtube.com/watch?v=_EUHsQEkSEw,https://www.youtube.com/channel/UC56D-IHcUvLVFTX_8NpQMXg/shorts,Brent Rivera,UC56D-IHcUvLVFTX_8NpQMXg,2025-11-23,39,1080,1920,60,1430708,26905.0,[],mp4,comedy_sketch,True
_FzTGutQzEw,"you don't really see my relaxed body, remember that..",https://www.youtube.com/watch?v=_FzTGutQzEw,https://www.youtube.com/channel/UCCgLoMYIyP0U56dEhEL1wXQ/shorts,Chloe Ting,UCCgLoMYIyP0U56dEhEL1wXQ,2024-10-20,6,1080,1920,60,574687,13847.0,[],mp4,fitness,True
_RKdWYqgu3Y,This balloon shook the entire room,https://www.youtube.com/watch?v=_RKdWYqgu3Y,https://www.youtube.com/channel/UCFhXFikryT4aFcLkLw2LBLA/shorts,NileRed,UCFhXFikryT4aFcLkLw2LBLA,2022-06-24,43,1080,1920,60,29677406,1809300.0,"[""nilered"",""nile"",""red"",""science"",""chemistry""]",mp4,high_speed_science,True
_RReB73uphE,"Wait for the note... Beyoncé's ""Halo"" in a vintage, 1960s Motown style 🎙️",https://www.youtube.com/watch?v=_RReB73uphE,https://www.youtube.com/channel/UCORIeT1hk6tYBuntEXsguLg/shorts,PostmodernJukebox,UCORIeT1hk6tYBuntEXsguLg,2026-08-12,48,720,1280,30,22025,940.0,[],mp4,music_performance,True
_XYvDCWQLDI,Which one!?,https://www.youtube.com/watch?v=_XYvDCWQLDI,https://www.youtube.com/channel/UC56D-IHcUvLVFTX_8NpQMXg/shorts,Brent Rivera,UC56D-IHcUvLVFTX_8NpQMXg,2025-11-29,34,1080,1920,30,8439670,151688.0,[],mp4,comedy_sketch,True
_bjglEyMaeo,MIRACLES DO HAPPEN,https://www.youtube.com/watch?v=_bjglEyMaeo,https://www.youtube.com/channel/UC5f5IV0Bf79YLp_p9nfInRA/shorts,How Ridiculous,UC5f5IV0Bf79YLp_p9nfInRA,2025-11-28,15,1080,1920,30,106795314,881028.0,[],mp4,sports_trick_shots,True
_j-Llwpl_6c,A little vintage sunshine for your summer playlist. Let us know where you're listening from ☀️,https://www.youtube.com/watch?v=_j-Llwpl_6c,https://www.youtube.com/channel/UCORIeT1hk6tYBuntEXsguLg/shorts,PostmodernJukebox,UCORIeT1hk6tYBuntEXsguLg,2026-07-04,19,720,1280,30,70300,1960.0,[],mp4,music_performance,True
_nA2KBuSQL0,ASMR - XXL Nails + Toaster Coaster! #shorts,https://www.youtube.com/watch?v=_nA2KBuSQL0,https://www.youtube.com/channel/UCE6acMV3m35znLcf0JGNn7Q/shorts,Gibi ASMR,UCE6acMV3m35znLcf0JGNn7Q,2025-11-25,60,1080,1920,60,89510,3198.0,[],mp4,asmr,True
_pK0L2YI3ok,no trending audio 🎧 Just a peek behind the scenes ✨#hudabeauty #lipstain #lipcombo,https://www.youtube.com/watch?v=_pK0L2YI3ok,https://www.youtube.com/channel/UCRSvEADlY-caz3sfDNwvR1A/shorts,Huda Beauty,UCRSvEADlY-caz3sfDNwvR1A,2025-10-22,26,576,1024,24,875685,17982.0,[],mp4,beauty_fashion,True
_yOTYsFlRQY,The iPhone AIR,https://www.youtube.com/watch?v=_yOTYsFlRQY,https://www.youtube.com/channel/UCBJycsmduvYEL83R_U4JriQ/shorts,Marques Brownlee,UCBJycsmduvYEL83R_U4JriQ,2025-09-10,52,1080,1920,30,13255163,392416.0,"[""iPhone Air"",""iPhone Air review"",""MKBHD""]",mp4,tech_review,True
a-023vdubbM,Asbestos is dangerous,https://www.youtube.com/watch?v=a-023vdubbM,https://www.youtube.com/channel/UCFhXFikryT4aFcLkLw2LBLA/shorts,NileRed,UCFhXFikryT4aFcLkLw2LBLA,2022-06-12,37,1080,1920,60,14795293,933612.0,"[""nilered"",""nile"",""red"",""science"",""chemistry"",""rock"",""asbestos"",""mineral"",""silicate"",""dangerous"",""tremolite""]",mp4,high_speed_science,True
a067YWmxrQk,Who knew @MatthewMcConaughey could find the lamb sauce !,https://www.youtube.com/watch?v=a067YWmxrQk,https://www.youtube.com/channel/UCIEv3lZ_tNXHzL3ox-_uUGQ/shorts,Gordon Ramsay,UCIEv3lZ_tNXHzL3ox-_uUGQ,2024-11-24,53,1080,1920,24,377494,17333.0,[],mp4,cooking_food,True
aAowV5LuGK4,Does you cat leave house constantly? #shorts,https://www.youtube.com/watch?v=aAowV5LuGK4,https://www.youtube.com/channel/UC6zbH1Z4G32bBV9wyK6ikPA/shorts,Kritter Klub,UC6zbH1Z4G32bBV9wyK6ikPA,2025-02-05,42,1080,1920,24,3161,148.0,"[""animalvideo"",""animals"",""kritterklub"",""Kritterklub"",""kritterklubanimal""]",mp4,animals_pets,True
aBzHJDHzCEM,Magnesium singes my eyeballs again,https://www.youtube.com/watch?v=aBzHJDHzCEM,https://www.youtube.com/channel/UCFhXFikryT4aFcLkLw2LBLA/shorts,NileRed,UCFhXFikryT4aFcLkLw2LBLA,2022-06-14,60,1080,1920,60,26956639,1981285.0,"[""nilered"",""nile"",""red"",""science"",""chemistry"",""magnesium"",""co2"",""carbon"",""dioxide"",""burn"",""match"",""flame""]",mp4,high_speed_science,True
aTmWUBzntOE,This is not a liquid or a gas,https://www.youtube.com/watch?v=aTmWUBzntOE,https://www.youtube.com/channel/UCFhXFikryT4aFcLkLw2LBLA/shorts,NileRed,UCFhXFikryT4aFcLkLw2LBLA,2022-06-01,60,1080,1920,60,27748603,1928090.0,"[""nilered"",""nile"",""red"",""science"",""chemistry"",""liquid"",""gas"",""co2"",""carbon dioxide"",""supercritical"",""pressure"",""chamber""]",mp4,high_speed_science,True
aamU2kBe7Zs,Trying to get your Cat to the Vet | Back to the Vet | Simon's Cat Extra,https://www.youtube.com/watch?v=aamU2kBe7Zs,https://www.youtube.com/channel/UCE3pZOwArJXDOQjcQsiQT_w/shorts,Simon's Cat Extra,UCE3pZOwArJXDOQjcQsiQT_w,2025-09-18,41,1080,1920,25,196919,6206.0,"[""Simon’s Cat"",""кот саймонаv"",""simon the cat"",""simon cat"",""simons cat color"",""funny cat cartoons"",""animations for cats"",""Cat funny cats"",""Stories about cats"",""simons cats videos"",""simon the cat thanksgiving"",""cat videos cute cat"",""cat videos for cats to watch"",""simon cat full episodes"",""simon cat videos"",""animated short film"",""cat entertainment videos"",""funny videos of cats and dogs"",""cat videos"",""simons cat vet"",""cat cartoon video"",""nature videos for cats""]",mp4,animation_edu,True
acaAW3p5Tqw,USB-C ALL the things!,https://www.youtube.com/watch?v=acaAW3p5Tqw,https://www.youtube.com/channel/UCBJycsmduvYEL83R_U4JriQ/shorts,Marques Brownlee,UCBJycsmduvYEL83R_U4JriQ,2025-06-03,25,1080,1920,30,32153474,798298.0,"[""USB C"",""AA battery"",""USB C battery"",""USB C double A battery"",""MKBHD"",""USBC all the things""]",mp4,tech_review,True
aoE7S25Ochw,My Twin Sister Saved Me,https://www.youtube.com/watch?v=aoE7S25Ochw,https://www.youtube.com/channel/UC5gxP-2QqIh_09djvlm9Xcg/shorts,Alan's Universe,UC5gxP-2QqIh_09djvlm9Xcg,2026-07-26,56,1080,1920,30,2734696,64417.0,"[""alan chikin chow"",""alan chikin chow tiktok"",""alan chikin chow shorts"",""alan army"",""alan chicken chow"",""alan chicken show"",""alan chikin show""]",mp4,vfx_magic,True
asHethF_o_M,Burning sulfur singes what's left of my eyeballs,https://www.youtube.com/watch?v=asHethF_o_M,https://www.youtube.com/channel/UCFhXFikryT4aFcLkLw2LBLA/shorts,NileRed,UCFhXFikryT4aFcLkLw2LBLA,2022-06-28,60,1080,1920,60,28457192,1712929.0,"[""nilered"",""nile"",""red"",""science"",""chemistry"",""sulfur"",""oxygen"",""blowtorch"",""sulphur"",""o2""]",mp4,high_speed_science,True
as_NEJAP8ew,Every Samsung Phone. SAME Photo!,https://www.youtube.com/watch?v=as_NEJAP8ew,https://www.youtube.com/channel/UCBJycsmduvYEL83R_U4JriQ/shorts,Marques Brownlee,UCBJycsmduvYEL83R_U4JriQ,2026-04-07,43,1080,1920,30,1516288,64248.0,[],mp4,tech_review,True
auO8VCCLCqs,Paid content for @debeers,https://www.youtube.com/watch?v=auO8VCCLCqs,https://www.youtube.com/channel/UCpVm7bg6pXKo1Pr6k5kxG9A/shorts,National Geographic,UCpVm7bg6pXKo1Pr6k5kxG9A,2026-05-22,59,1080,1920,25,22237,191.0,"[""National Geographic"",""Nat Geo"",""Explore with Us"",""Discover"",""Survival 4k"",""Nature video"",""Culture"",""Documentary Nat Geo"",""Photography 4k"",""Okavango Delta"",""Storytelling Clubs"",""De Beers Partnership"",""Okavango Eternal"",""Youth Empowerment"",""Youth Storytelling"",""Photography skills"",""Cultural Heritage"",""African Landscape"",""Local Community"",""Storytelling"",""Oral Tradition"",""Paid content"",""Youth Innovation"",""De Beers"",""Okavango"",""Diamonds"",""Kalahari Desert"",""Collaboration"",""Youth"",""Teaching"",""Learning"",""Education""]",mp4,nature_wildlife,True
awgGSL0MfEk,World’s Strongest Man VS TAPE,https://www.youtube.com/watch?v=awgGSL0MfEk,https://www.youtube.com/channel/UC56D-IHcUvLVFTX_8NpQMXg/shorts,Brent Rivera,UC56D-IHcUvLVFTX_8NpQMXg,2025-08-02,38,1080,1920,60,2612517,44159.0,[],mp4,comedy_sketch,True
ayLcuPsY3Xo,The Gloss You Need This December 💋✨,https://www.youtube.com/watch?v=ayLcuPsY3Xo,https://www.youtube.com/channel/UCRSvEADlY-caz3sfDNwvR1A/shorts,Huda Beauty,UCRSvEADlY-caz3sfDNwvR1A,2025-12-03,18,1080,1920,24,3352959,62850.0,[],mp4,beauty_fashion,True
b0tjnp4epCw,Chloe's Rejections! | Simon's Cat Extra #shorts s,https://www.youtube.com/watch?v=b0tjnp4epCw,https://www.youtube.com/channel/UCE3pZOwArJXDOQjcQsiQT_w/shorts,Simon's Cat Extra,UCE3pZOwArJXDOQjcQsiQT_w,2025-03-28,26,1080,1920,25,13324,762.0,"[""simon's cat"",""simons cat"",""simons cats"",""simon's katze"",""simon tofield"",""simon the cat"",""simona”"",""Simon"",""Tofield"",""simonscat"",""animated cats"",""animated animals"",""animal (film character)"",""black and white"",""black and white cat"",""cat lovers"",""cat fails"",""cute cats"",""funny cat"",""funny cats"",""kids"",""“for"",""kids”"",""short animation"",""Animated"",""Animation"",""cartoon"",""cartoons"",""Cat"",""cats"",""cute"",""fail"",""fun"",""Funny"",""Humour"",""kitten"",""kittens"",""kitty"",""pets"",""Toons"",""videos""]",mp4,animation_edu,True
b2-nayfJ7Qk,Huda Reacts: Creator's FIRST Reaction to NEW Blush Palettes 🥹 #blushrecommendation #newblush,https://www.youtube.com/watch?v=b2-nayfJ7Qk,https://www.youtube.com/channel/UCRSvEADlY-caz3sfDNwvR1A/shorts,Huda Beauty,UCRSvEADlY-caz3sfDNwvR1A,2025-11-06,51,1080,1920,24,3336215,115430.0,[],mp4,beauty_fashion,True
b71He4uepM4,Making Thick Urine,https://www.youtube.com/watch?v=b71He4uepM4,https://www.youtube.com/channel/UC6nSFpj9HTCZ5t-N3Rm3-HA/shorts,Vsauce,UC6nSFpj9HTCZ5t-N3Rm3-HA,2024-11-20,60,1080,1920,30,4273263,243487.0,[],mp4,education_howto,True
bKZXF-7E9f8,Unusual Gears,https://www.youtube.com/watch?v=bKZXF-7E9f8,https://www.youtube.com/channel/UC6nSFpj9HTCZ5t-N3Rm3-HA/shorts,Vsauce,UC6nSFpj9HTCZ5t-N3Rm3-HA,2024-11-07,60,1080,1920,30,14824673,810489.0,[],mp4,education_howto,True
bMCvAt91Kxw,ASMR - Unboxing a Skullpanda Blind Box! #shorts,https://www.youtube.com/watch?v=bMCvAt91Kxw,https://www.youtube.com/channel/UCE6acMV3m35znLcf0JGNn7Q/shorts,Gibi ASMR,UCE6acMV3m35znLcf0JGNn7Q,2026-02-05,60,1080,1920,60,129982,4938.0,[],mp4,asmr,True
bRUiFzpAX4U,Your foster dog finds a new guardian #shorts,https://www.youtube.com/watch?v=bRUiFzpAX4U,https://www.youtube.com/channel/UC6zbH1Z4G32bBV9wyK6ikPA/shorts,Kritter Klub,UC6zbH1Z4G32bBV9wyK6ikPA,2025-04-24,34,360,640,24,7213,158.0,[],mp4,animals_pets,True
bcNxHOSlqKw,Gordon Ramsay finally finds the female version of himself!,https://www.youtube.com/watch?v=bcNxHOSlqKw,https://www.youtube.com/channel/UCIEv3lZ_tNXHzL3ox-_uUGQ/shorts,Gordon Ramsay,UCIEv3lZ_tNXHzL3ox-_uUGQ,2026-01-25,58,1080,1920,24,1811462,64418.0,"[""Gordon"",""Gordon Ramsay"",""Ramsay"",""Ramsey"",""Chef Ramsay"",""Recipe"",""Recipes"",""Food"",""Cooking"",""Cookery"",""kitchen nightmares"",""hotel hell"",""the f word"",""gordon ramsay likes the food"",""gordon ramsay burger"",""gordon ramsay steak"",""street food"",""pasta recipes"",""chicken recipe"",""Gordon ramsay kitchen nightmares"",""gordon ramsay hotel hell"",""gordon ramsay cooking"",""gordon ramsay funny moments"",""gordon ramsay recipes"",""gordon ramsay recipes chicken"",""gordon ramsay recipes dinner"",""gordon ramsay recipes breakfast""]",mp4,cooking_food,True
bgCd0fjMEq0,Ironman 70.3….done ! What an amazing day to be back with @ironmantriathlon after all the work !,https://www.youtube.com/watch?v=bgCd0fjMEq0,https://www.youtube.com/channel/UCIEv3lZ_tNXHzL3ox-_uUGQ/shorts,Gordon Ramsay,UCIEv3lZ_tNXHzL3ox-_uUGQ,2025-07-14,52,1080,1920,30,371199,10165.0,[],mp4,cooking_food,True
btcFEIKDpFU,Hourglass workout program! Try this #workout,https://www.youtube.com/watch?v=btcFEIKDpFU,https://www.youtube.com/channel/UCCgLoMYIyP0U56dEhEL1wXQ/shorts,Chloe Ting,UCCgLoMYIyP0U56dEhEL1wXQ,2024-09-08,6,1080,1920,30,400614,7514.0,[],mp4,fitness,True
cChhzF2zT-M,Can’t Believe She Reacted Like That!!,https://www.youtube.com/watch?v=cChhzF2zT-M,https://www.youtube.com/channel/UCF0_hwTeQ73IhJuEtsUbEtA/shorts,Sofie Dossi,UCF0_hwTeQ73IhJuEtsUbEtA,2025-04-13,15,1080,1920,30,1385532,36444.0,"[""Sofie dossi"",""Coachella"",""Coachella 2025"",""Contortion"",""Flexibility"",""The bendy girl""]",mp4,dance,True
cGJPmW2CDuU,Recreating Our Movie Posters! 🎬,https://www.youtube.com/watch?v=cGJPmW2CDuU,https://www.youtube.com/channel/UC5gxP-2QqIh_09djvlm9Xcg/shorts,Alan's Universe,UC5gxP-2QqIh_09djvlm9Xcg,2026-08-13,35,1080,1920,30,2315692,28982.0,"[""alan chikin chow"",""alan chikin chow tiktok"",""alan chikin chow shorts"",""alan army"",""alan chicken chow"",""alan chicken show"",""alan chikin show""]",mp4,vfx_magic,True
cOcGeZ2OjZo,Holiday party dresses! ✨,https://www.youtube.com/watch?v=cOcGeZ2OjZo,https://www.youtube.com/channel/UCCgLoMYIyP0U56dEhEL1wXQ/shorts,Chloe Ting,UCCgLoMYIyP0U56dEhEL1wXQ,2024-12-15,9,1080,1920,30,1127429,20834.0,[],mp4,fitness,True
c_z0sr1hkIE,Conjoined twins!😍,https://www.youtube.com/watch?v=c_z0sr1hkIE,https://www.youtube.com/channel/UC56D-IHcUvLVFTX_8NpQMXg/shorts,Brent Rivera,UC56D-IHcUvLVFTX_8NpQMXg,2026-04-16,46,720,1280,30,707593,9740.0,[],mp4,comedy_sketch,True
ck7SJjHccl0,"World's First Mini-Golf Course with 30,000 LEGO Bricks! ⛳️ #AD #SuperpowerOfPlay #LEGOPartner",https://www.youtube.com/watch?v=ck7SJjHccl0,https://www.youtube.com/channel/UC5f5IV0Bf79YLp_p9nfInRA/shorts,How Ridiculous,UC5f5IV0Bf79YLp_p9nfInRA,2024-12-14,56,1080,1920,50,835769,22306.0,"[""how ridiculous"",""rexy"",""44club""]",mp4,sports_trick_shots,True
cnmS5H2Lwiw,3 Scariest Travel Days Of My Life,https://www.youtube.com/watch?v=cnmS5H2Lwiw,https://www.youtube.com/channel/UC0Ize0RLIbGdH5x4wI45G-A/shorts,Drew Binsky,UC0Ize0RLIbGdH5x4wI45G-A,2026-02-23,49,1080,1920,30,2339978,59502.0,[],mp4,travel_adventure,True
cqDCLllOd_E,Throwback to one of my fave lip combos 💜 #UUUBABYLIPS 💋✨ #hudabeauty #lipcombo #makeup #howto,https://www.youtube.com/watch?v=cqDCLllOd_E,https://www.youtube.com/channel/UCRSvEADlY-caz3sfDNwvR1A/shorts,Huda Beauty,UCRSvEADlY-caz3sfDNwvR1A,2025-08-14,37,720,1280,24,1012266,25815.0,[],mp4,beauty_fashion,True
cvaFeDPyTx8,This chemical can be many different colors,https://www.youtube.com/watch?v=cvaFeDPyTx8,https://www.youtube.com/channel/UCFhXFikryT4aFcLkLw2LBLA/shorts,NileRed,UCFhXFikryT4aFcLkLw2LBLA,2021-07-09,36,1080,1920,60,6184719,449099.0,"[""nilered"",""nile"",""red"",""science"",""chemistry"",""brooker's merocyanine"",""color"",""change"",""chemical"",""rainbow"",""weird""]",mp4,high_speed_science,True
cy0PiCO5yn0,🔥 Cyber Craze Is LIVE! Up to 80% Off Best-Sellers only at HudaBeauty.com,https://www.youtube.com/watch?v=cy0PiCO5yn0,https://www.youtube.com/channel/UCRSvEADlY-caz3sfDNwvR1A/shorts,Huda Beauty,UCRSvEADlY-caz3sfDNwvR1A,2025-11-20,14,720,1280,24,262479,4806.0,[],mp4,beauty_fashion,True
cyMNnCwxkcc,My current workout split. More manageable!,https://www.youtube.com/watch?v=cyMNnCwxkcc,https://www.youtube.com/channel/UCCgLoMYIyP0U56dEhEL1wXQ/shorts,Chloe Ting,UCCgLoMYIyP0U56dEhEL1wXQ,2024-12-08,9,1080,1920,30,879588,17055.0,"[""gym"",""fitness"",""gym workout"",""workout routine"",""workout ideas"",""workout motivation"",""gym motivation"",""leg day"",""glute day"",""upper body day"",""fitness motivation"",""gym workouts""]",mp4,fitness,True
d1OVGpWlqLM,ASMR - Making your cup of coffee ☕ #shorts,https://www.youtube.com/watch?v=d1OVGpWlqLM,https://www.youtube.com/channel/UCE6acMV3m35znLcf0JGNn7Q/shorts,Gibi ASMR,UCE6acMV3m35znLcf0JGNn7Q,2025-09-25,60,1080,1920,60,193441,9201.0,[],mp4,asmr,True
d5Kko5KJ6_Q,Meet Your A-School Teachers! 📚,https://www.youtube.com/watch?v=d5Kko5KJ6_Q,https://www.youtube.com/channel/UC5gxP-2QqIh_09djvlm9Xcg/shorts,Alan's Universe,UC5gxP-2QqIh_09djvlm9Xcg,2026-08-14,18,1080,1920,30,625332,13708.0,"[""alan chikin chow"",""alan chikin chow tiktok"",""alan chikin chow shorts"",""alan army"",""alan chicken chow"",""alan chicken show"",""alan chikin show""]",mp4,vfx_magic,True
d9w9tME0aEY,He Is The Only Prisoner In This American Jail,https://www.youtube.com/watch?v=d9w9tME0aEY,https://www.youtube.com/channel/UC0Ize0RLIbGdH5x4wI45G-A/shorts,Drew Binsky,UC0Ize0RLIbGdH5x4wI45G-A,2026-06-24,44,1080,1920,30,3787339,147931.0,[],mp4,travel_adventure,True
dCjr-y0sjYk,This Dance is Contagious...,https://www.youtube.com/watch?v=dCjr-y0sjYk,https://www.youtube.com/channel/UC5gxP-2QqIh_09djvlm9Xcg/shorts,Alan's Universe,UC5gxP-2QqIh_09djvlm9Xcg,2026-08-18,11,1080,1920,30,269770,4087.0,"[""alan chikin chow"",""alan chikin chow tiktok"",""alan chikin chow shorts"",""alan army"",""alan chicken chow"",""alan chicken show"",""alan chikin show""]",mp4,vfx_magic,True
dF631oiEx9A,Using Instant Ramen Noodles to make a Next Level Dan Dan style Stir Fry !,https://www.youtube.com/watch?v=dF631oiEx9A,https://www.youtube.com/channel/UCIEv3lZ_tNXHzL3ox-_uUGQ/shorts,Gordon Ramsay,UCIEv3lZ_tNXHzL3ox-_uUGQ,2025-05-04,60,1080,1920,24,484093,12366.0,"[""Gordon"",""Gordon Ramsay"",""Ramsay"",""Ramsey"",""Chef Ramsay"",""Recipe"",""Recipes"",""Food"",""Cooking"",""Cookery"",""kitchen nightmares"",""hotel hell"",""the f word"",""gordon ramsay likes the food"",""gordon ramsay burger"",""gordon ramsay steak"",""street food"",""pasta recipes"",""chicken recipe"",""Gordon ramsay kitchen nightmares"",""gordon ramsay hotel hell"",""gordon ramsay cooking"",""gordon ramsay funny moments"",""gordon ramsay recipes"",""gordon ramsay recipes chicken"",""gordon ramsay recipes dinner"",""gordon ramsay recipes breakfast""]",mp4,cooking_food,True
dGQ55-VgjHc,Completely dissolving a penny in acid,https://www.youtube.com/watch?v=dGQ55-VgjHc,https://www.youtube.com/channel/UCFhXFikryT4aFcLkLw2LBLA/shorts,NileRed,UCFhXFikryT4aFcLkLw2LBLA,2024-04-25,60,1080,1920,60,15078952,636439.0,"[""nilered"",""nile"",""red"",""science"",""chemistry"",""penny"",""dissolve"",""destroy"",""nitric"",""acid"",""money"",""nitrogen"",""dioxide"",""gas"",""disolve"",""dissolving"",""disolving""]",mp4,high_speed_science,True
dRgUj8HHpCg,ASMR - How I remove the second skin from a new tattoo #shorts,https://www.youtube.com/watch?v=dRgUj8HHpCg,https://www.youtube.com/channel/UCE6acMV3m35znLcf0JGNn7Q/shorts,Gibi ASMR,UCE6acMV3m35znLcf0JGNn7Q,2026-02-07,60,1080,1920,30,398536,13778.0,[],mp4,asmr,True
dZXJnmhGd2k,Geography They Didn't Teach You In School,https://www.youtube.com/watch?v=dZXJnmhGd2k,https://www.youtube.com/channel/UC6nSFpj9HTCZ5t-N3Rm3-HA/shorts,Vsauce,UC6nSFpj9HTCZ5t-N3Rm3-HA,2024-11-12,60,1080,1920,30,19485723,977680.0,[],mp4,education_howto,True
dcbMh6D6JMk,the perfect Shrimp Bowl thanks to #GordonRamsay,https://www.youtube.com/watch?v=dcbMh6D6JMk,https://www.youtube.com/channel/UCIEv3lZ_tNXHzL3ox-_uUGQ/shorts,Gordon Ramsay,UCIEv3lZ_tNXHzL3ox-_uUGQ,2026-04-12,60,1080,1920,24,428980,14467.0,"[""Gordon"",""Gordon Ramsay"",""Ramsay"",""Ramsey"",""Chef Ramsay"",""Recipe"",""Recipes"",""Food"",""Cooking"",""Cookery"",""kitchen nightmares"",""gordon ramsay likes the food"",""gordon ramsay burger"",""gordon ramsay steak"",""street food"",""pasta recipes"",""chicken recipe"",""Gordon ramsay kitchen nightmares"",""gordon ramsay hotel hell"",""gordon ramsay cooking"",""gordon ramsay funny moments"",""gordon ramsay recipes"",""gordon ramsay recipes chicken"",""gordon ramsay recipes dinner"",""gordon ramsay recipes breakfast"",""gordon ramsay shrimp""]",mp4,cooking_food,True
dqpCvSU-ECE,Can He Make This Shot?,https://www.youtube.com/watch?v=dqpCvSU-ECE,https://www.youtube.com/channel/UCX6OQ3DkcsbYNE6H8uQQuVA/shorts,MrBeast,UCX6OQ3DkcsbYNE6H8uQQuVA,2026-05-17,12,1080,1920,30,391042386,2683966.0,[],mp4,challenge_stunts,True
dzHabCMCmxE,Bee-hind the scenes on #SecretsOfTheBees 🎥,https://www.youtube.com/watch?v=dzHabCMCmxE,https://www.youtube.com/channel/UCpVm7bg6pXKo1Pr6k5kxG9A/shorts,National Geographic,UCpVm7bg6pXKo1Pr6k5kxG9A,2026-04-29,37,1080,1920,24,25944,476.0,"[""National Geographic"",""Nat Geo docs"",""Animals Lover"",""Wildlife"",""Survival 4k"",""Nature videos"",""Photography 4k"",""Mystery"",""Bertie Gregory"",""Bees video"",""Hive"",""Life of Bees"",""Honey bee"",""Bee Hive"",""Pollination"",""bee documentary"",""bee facts"",""Nat Geo Animals"",""Pollinator"",""Secrets of the Bees"",""Disney+"",""Hulu"",""Wildlife documentary"",""Insect"",""Worker Bees"",""Nat Geo Explorer"",""Exploring 4k"",""Eggs"",""Pollen"",""Yellow Dust"",""Pollen Basket"",""Behind the Scenes"",""Docuseries"",""Queen Bee"",""Vulture bees"",""Bee species"",""BTS"",""Short""]",mp4,nature_wildlife,True
eGKYiPA1wio,God Tier Stabilization,https://www.youtube.com/watch?v=eGKYiPA1wio,https://www.youtube.com/channel/UCBJycsmduvYEL83R_U4JriQ/shorts,Marques Brownlee,UCBJycsmduvYEL83R_U4JriQ,2026-02-26,51,1080,1920,30,6668988,282160.0,[],mp4,tech_review,True
eTrhZmum-ek,Make your own fruity necklace—subscribe @pepperell.crafts! 🍒,https://www.youtube.com/watch?v=eTrhZmum-ek,https://www.youtube.com/channel/UC295-Dw_tDNtZXFeAPAW6Aw/shorts,5-Minute Crafts,UC295-Dw_tDNtZXFeAPAW6Aw,2025-07-15,21,1080,1920,25,565242,4051.0,[],mp4,diy_crafts,True
eZ9L5x3AMLw,Gibi ASMR Breaking Character 🫢,https://www.youtube.com/watch?v=eZ9L5x3AMLw,https://www.youtube.com/channel/UCE6acMV3m35znLcf0JGNn7Q/shorts,Gibi ASMR,UCE6acMV3m35znLcf0JGNn7Q,2026-06-30,32,1080,1920,60,235493,7675.0,"[""gibi"",""asmr"",""gibi asmr"",""for sleep"",""relax"",""relaxing"",""stress relief"",""asmr sleep"",""sleep aid"",""sybil"",""luna"",""gibi sybil"",""gibi luna"",""oc"",""original character"",""bloopers""]",mp4,asmr,True
eeJGTOMcn00,destroying my entire ass in 20 seconds,https://www.youtube.com/watch?v=eeJGTOMcn00,https://www.youtube.com/channel/UC7_YxT-KID8kRbqZo7MyscQ/shorts,Markiplier,UC7_YxT-KID8kRbqZo7MyscQ,2019-09-26,22,608,1080,30,8243799,573231.0,"[""markiplier"",""korea"",""대한민국"",""서울"",""한강"",""공원"",""엉덩이아파요"",""저는날수있어요"",""funny""]",mp4,gaming,True
egvLKQe6I4I,Don't Pop the Balloon,https://www.youtube.com/watch?v=egvLKQe6I4I,https://www.youtube.com/channel/UCX6OQ3DkcsbYNE6H8uQQuVA/shorts,MrBeast,UCX6OQ3DkcsbYNE6H8uQQuVA,2026-07-10,51,1080,1920,30,87499619,2228555.0,[],mp4,challenge_stunts,True
f0poPZwTZDE,Congrats T&T. Enjoy this vintage rendition of “Love Story” ❤️,https://www.youtube.com/watch?v=f0poPZwTZDE,https://www.youtube.com/channel/UCORIeT1hk6tYBuntEXsguLg/shorts,PostmodernJukebox,UCORIeT1hk6tYBuntEXsguLg,2026-07-06,35,720,1280,30,27939,663.0,[],mp4,music_performance,True
f7y2XikE7sY,Paying For Food With My Car,https://www.youtube.com/watch?v=f7y2XikE7sY,https://www.youtube.com/channel/UCX6OQ3DkcsbYNE6H8uQQuVA/shorts,MrBeast,UCX6OQ3DkcsbYNE6H8uQQuVA,2026-07-31,50,1080,1920,30,40713839,1578210.0,[],mp4,challenge_stunts,True
fCa-XUEmyYc,congratulations.,https://www.youtube.com/watch?v=fCa-XUEmyYc,https://www.youtube.com/channel/UC7_YxT-KID8kRbqZo7MyscQ/shorts,Markiplier,UC7_YxT-KID8kRbqZo7MyscQ,2022-08-30,46,720,1280,30,14514024,1161528.0,[],mp4,gaming,True
fO5FwBcCJBY,"Would You Date Him for $10,000?",https://www.youtube.com/watch?v=fO5FwBcCJBY,https://www.youtube.com/channel/UCX6OQ3DkcsbYNE6H8uQQuVA/shorts,MrBeast,UCX6OQ3DkcsbYNE6H8uQQuVA,2025-12-12,32,1080,1920,30,185465207,4218555.0,[],mp4,challenge_stunts,True
fWFwArI8jZQ,Walt Disney's Hands,https://www.youtube.com/watch?v=fWFwArI8jZQ,https://www.youtube.com/channel/UC6nSFpj9HTCZ5t-N3Rm3-HA/shorts,Vsauce,UC6nSFpj9HTCZ5t-N3Rm3-HA,2024-11-28,57,1080,1920,30,12098676,811730.0,[],mp4,education_howto,True
fdqDDigCMfA,Spam by the sand ! I’m cooking up an amazing Spam and Pineapple sandwich in Hawaii,https://www.youtube.com/watch?v=fdqDDigCMfA,https://www.youtube.com/channel/UCIEv3lZ_tNXHzL3ox-_uUGQ/shorts,Gordon Ramsay,UCIEv3lZ_tNXHzL3ox-_uUGQ,2024-06-10,39,1080,1920,24,565865,18301.0,[],mp4,cooking_food,True
feu5PQvoCiA,Asking My Fiancée on a Date,https://www.youtube.com/watch?v=feu5PQvoCiA,https://www.youtube.com/channel/UCX6OQ3DkcsbYNE6H8uQQuVA/shorts,MrBeast,UCX6OQ3DkcsbYNE6H8uQQuVA,2026-05-03,8,1080,1920,30,17833772,460453.0,[],mp4,challenge_stunts,True
ftHkvp2NmcU,Nature’s secrets are never far away if you know where—and how—to look 🐝 #SecretsOfTheBees,https://www.youtube.com/watch?v=ftHkvp2NmcU,https://www.youtube.com/channel/UCpVm7bg6pXKo1Pr6k5kxG9A/shorts,National Geographic,UCpVm7bg6pXKo1Pr6k5kxG9A,2026-04-04,57,1080,1920,24,23164,987.0,"[""National Geographic"",""Nat Geo docs"",""Animals Lover"",""Wildlife"",""Survival 4k"",""Nature videos"",""Photography 4k"",""Mystery"",""Bertie Gregory"",""Bees video"",""Hive"",""Life of Bees"",""Honey bee"",""Bee Hive"",""Pollination"",""bee documentary"",""bee facts"",""Nat Geo Animals"",""Pollinator"",""Secrets of the Bees"",""Disney+"",""Hulu"",""Wildlife documentary"",""Insect"",""Worker Bees"",""Pollen"",""Colony of Bees"",""Nat Geo Explorer"",""Bee Workers"",""Exploring 4k"",""Behind the Scenes"",""BTS"",""Bee Colony"",""Earth Month"",""Earth Day"",""Nature"",""Queen Bee"",""short""]",mp4,nature_wildlife,True
g5uXrrTIUaQ,High protein quick meals - under 15 mins #healthyfood,https://www.youtube.com/watch?v=g5uXrrTIUaQ,https://www.youtube.com/channel/UCCgLoMYIyP0U56dEhEL1wXQ/shorts,Chloe Ting,UCCgLoMYIyP0U56dEhEL1wXQ,2026-02-03,34,1080,1920,30,450765,11632.0,"[""healthy food"",""healthy lifestyle"",""fitness motivation"",""healthy"",""food ideas"",""high protein"",""what I eat"",""what I eat in a day"",""meal ideas"",""dinner"",""breakfast""]",mp4,fitness,True
g9CRAYAyywQ,🤣,https://www.youtube.com/watch?v=g9CRAYAyywQ,https://www.youtube.com/channel/UC56D-IHcUvLVFTX_8NpQMXg/shorts,Brent Rivera,UC56D-IHcUvLVFTX_8NpQMXg,2026-05-06,14,1080,1920,30,987286,18877.0,[],mp4,comedy_sketch,True
gJ_TSPY7DA0,Everything you need to be happy #shorts,https://www.youtube.com/watch?v=gJ_TSPY7DA0,https://www.youtube.com/channel/UCE3pZOwArJXDOQjcQsiQT_w/shorts,Simon's Cat Extra,UCE3pZOwArJXDOQjcQsiQT_w,2025-05-08,39,1080,1920,25,22703,1208.0,"[""simon's cat"",""simons cat"",""simons cats"",""simon's katze"",""simon tofield"",""simon the cat"",""simona”"",""Simon"",""Tofield"",""simonscat"",""animated cats"",""animated animals"",""animal (film character)"",""black and white"",""black and white cat"",""cat lovers"",""cat fails"",""cute cats"",""funny cat"",""funny cats"",""kids"",""“for"",""kids”"",""short animation"",""Animated"",""Animation"",""cartoon"",""cartoons"",""Cat"",""cats"",""cute"",""fail"",""fun"",""Funny"",""Humour"",""kitten"",""kittens"",""kitty"",""pets"",""Toons"",""videos""]",mp4,animation_edu,True
gpth-2hsREA,Pignosed Turtle's injured again... #shorts #pignosedturtle,https://www.youtube.com/watch?v=gpth-2hsREA,https://www.youtube.com/channel/UC6zbH1Z4G32bBV9wyK6ikPA/shorts,Kritter Klub,UC6zbH1Z4G32bBV9wyK6ikPA,2024-12-16,45,1080,1920,24,3482,210.0,"[""animalvideo"",""animals"",""kritterklub"",""Kritterklub"",""kritterklubanimal""]",mp4,animals_pets,True
gu3NZ9pj6Jw,Your faves just went mini✨Same iconic formulas in travel-perfect sizes 💖,https://www.youtube.com/watch?v=gu3NZ9pj6Jw,https://www.youtube.com/channel/UCRSvEADlY-caz3sfDNwvR1A/shorts,Huda Beauty,UCRSvEADlY-caz3sfDNwvR1A,2025-08-28,49,720,1280,24,92833,2711.0,[],mp4,beauty_fashion,True
guwSz7ieOqQ,Why Did Yankee Doodle Call This Macaroni??,https://www.youtube.com/watch?v=guwSz7ieOqQ,https://www.youtube.com/channel/UC6nSFpj9HTCZ5t-N3Rm3-HA/shorts,Vsauce,UC6nSFpj9HTCZ5t-N3Rm3-HA,2024-11-21,60,1080,1920,30,8552626,601322.0,[],mp4,education_howto,True
gvhifSG2L-w,Bee-hind the scenes with burrowing bees #SecretsOfTheBees,https://www.youtube.com/watch?v=gvhifSG2L-w,https://www.youtube.com/channel/UCpVm7bg6pXKo1Pr6k5kxG9A/shorts,National Geographic,UCpVm7bg6pXKo1Pr6k5kxG9A,2026-04-30,55,1080,1920,24,42804,774.0,"[""National Geographic"",""Nat Geo docs"",""Animals Lover"",""Wildlife"",""Survival 4k"",""Nature videos"",""Photography 4k"",""Mystery"",""Bertie Gregory"",""Bees video"",""Hive"",""Life of Bees"",""Honey bee"",""Bee Hive"",""Pollination"",""Burrow Bee"",""Bee Facts"",""Nat Geo Animals"",""Pollinators"",""Secrets of the Bees"",""Disney+"",""Hulu"",""Wildlife documentary"",""Worker Bees"",""Nat Geo Explorer"",""Exploring 4k"",""Pollen"",""Docuseries"",""BTS"",""Mating videos"",""Male bees"",""Female bees"",""Dawson Bee"",""Burrowing Bees"",""Earth day"",""Earth Month"",""Tom Oldridge""]",mp4,nature_wildlife,True
h8CdvXRsRIA,Lawn Mower Racing!,https://www.youtube.com/watch?v=h8CdvXRsRIA,https://www.youtube.com/channel/UC5f5IV0Bf79YLp_p9nfInRA/shorts,How Ridiculous,UC5f5IV0Bf79YLp_p9nfInRA,2026-06-22,48,1080,1920,25,1249705,9932.0,[],mp4,sports_trick_shots,True
hCuqh2NU2Yg,World's Fastest Date,https://www.youtube.com/watch?v=hCuqh2NU2Yg,https://www.youtube.com/channel/UCX6OQ3DkcsbYNE6H8uQQuVA/shorts,MrBeast,UCX6OQ3DkcsbYNE6H8uQQuVA,2026-05-12,32,1080,1920,30,422719771,5716711.0,[],mp4,challenge_stunts,True
hEQtjCfcqnw,Sing that Word Challenge with the AU Team,https://www.youtube.com/watch?v=hEQtjCfcqnw,https://www.youtube.com/channel/UC5gxP-2QqIh_09djvlm9Xcg/shorts,Alan's Universe,UC5gxP-2QqIh_09djvlm9Xcg,2026-07-01,43,1080,1920,30,2132702,31820.0,"[""alan chikin chow"",""alan chikin chow tiktok"",""alan chikin chow shorts"",""alan army"",""alan chicken chow"",""alan chicken show"",""alan chikin show""]",mp4,vfx_magic,True
hFewJ9d72s8,Paid content for Visit Maine.,https://www.youtube.com/watch?v=hFewJ9d72s8,https://www.youtube.com/channel/UCpVm7bg6pXKo1Pr6k5kxG9A/shorts,National Geographic,UCpVm7bg6pXKo1Pr6k5kxG9A,2026-08-03,40,1080,1920,30,20554,258.0,"[""Nat Geo"",""The Maine Office of Tourism"",""Maine Tourism"",""Visit Maine"",""Maine Travel"",""Maine Vacation"",""Explore Maine"",""Maine Adventures"",""Travel Maine"",""Maine Road Trips"",""Paradise"",""Maine Attractions"",""Travel Destination"",""Handcrafted Ceramics"",""Family Travel"",""Kiliii Adventures"",""USA Travel"",""Tourism Campaign"",""Pottery Studio"",""Indigenous Culture"",""Wabanaki Tribe"",""Lakes"",""Kiliii Yuyan"",""Explore"",""Local Gems"",""Fly Fisher"",""Nat Geo Photography"",""National Geographic"",""Fly Fishing"",""Office of Tourism""]",mp4,nature_wildlife,True
hIMIsbLodzM,History Is Accumulating,https://www.youtube.com/watch?v=hIMIsbLodzM,https://www.youtube.com/channel/UC6nSFpj9HTCZ5t-N3Rm3-HA/shorts,Vsauce,UC6nSFpj9HTCZ5t-N3Rm3-HA,2024-11-17,60,1080,1920,30,25459586,1560438.0,[],mp4,education_howto,True
hNCPw01Dzhk,PARENTING PRO TIPS || Fun Hacks for Everyday Challenges,https://www.youtube.com/watch?v=hNCPw01Dzhk,https://www.youtube.com/channel/UC295-Dw_tDNtZXFeAPAW6Aw/shorts,5-Minute Crafts,UC295-Dw_tDNtZXFeAPAW6Aw,2026-03-26,59,1080,1920,25,293358,3477.0,[],mp4,diy_crafts,True
hRBpDdWbUpI,Can My Fiancée Lift Me?,https://www.youtube.com/watch?v=hRBpDdWbUpI,https://www.youtube.com/channel/UCX6OQ3DkcsbYNE6H8uQQuVA/shorts,MrBeast,UCX6OQ3DkcsbYNE6H8uQQuVA,2026-04-27,17,1080,1920,30,20949194,448009.0,[],mp4,challenge_stunts,True
hYahU_Cqwp8,YouTube CEO Has A Surprise For Me,https://www.youtube.com/watch?v=hYahU_Cqwp8,https://www.youtube.com/channel/UCX6OQ3DkcsbYNE6H8uQQuVA/shorts,MrBeast,UCX6OQ3DkcsbYNE6H8uQQuVA,2026-05-22,32,1080,1920,30,465389786,5042183.0,[],mp4,challenge_stunts,True
hZrA59qUays,Click there to watch the new video⬆️,https://www.youtube.com/watch?v=hZrA59qUays,https://www.youtube.com/channel/UC56D-IHcUvLVFTX_8NpQMXg/shorts,Brent Rivera,UC56D-IHcUvLVFTX_8NpQMXg,2026-04-16,34,1080,1920,30,1455069,24633.0,[],mp4,comedy_sketch,True
hqSL5V9yXBM,When You Sleep In Socks And Imagine An Icositetrachoron,https://www.youtube.com/watch?v=hqSL5V9yXBM,https://www.youtube.com/channel/UC6nSFpj9HTCZ5t-N3Rm3-HA/shorts,Vsauce,UC6nSFpj9HTCZ5t-N3Rm3-HA,2026-03-15,20,1080,1920,30,9368364,382687.0,[],mp4,education_howto,True
hsyWKYBvH7c,Putting an egg in the microwave,https://www.youtube.com/watch?v=hsyWKYBvH7c,https://www.youtube.com/channel/UCFhXFikryT4aFcLkLw2LBLA/shorts,NileRed,UCFhXFikryT4aFcLkLw2LBLA,2021-12-04,36,1080,1920,60,23117435,1281022.0,"[""nilered"",""nile"",""red"",""science"",""chemistry"",""egg"",""microwave"",""experiment"",""sweat"",""blow up"",""explode""]",mp4,high_speed_science,True
hzuKOnmqdFw,"If #sabrinacarpenter's ""Espresso"" was a 1940s coffee jingle... ☕️",https://www.youtube.com/watch?v=hzuKOnmqdFw,https://www.youtube.com/channel/UCORIeT1hk6tYBuntEXsguLg/shorts,PostmodernJukebox,UCORIeT1hk6tYBuntEXsguLg,2026-01-27,29,720,1280,24,106978,2578.0,[],mp4,music_performance,True
i2gHt6_xKKk,My Favorite Mathematical Limericks!,https://www.youtube.com/watch?v=i2gHt6_xKKk,https://www.youtube.com/channel/UC6nSFpj9HTCZ5t-N3Rm3-HA/shorts,Vsauce,UC6nSFpj9HTCZ5t-N3Rm3-HA,2024-10-30,60,1080,1920,30,9973215,572010.0,[],mp4,education_howto,True
i564Y8UnSbE,"No filters, just @GLAMZILLA using Easy Bake Pressed 👀 #easybakepressed #pressedpowder #hudabeauty",https://www.youtube.com/watch?v=i564Y8UnSbE,https://www.youtube.com/channel/UCRSvEADlY-caz3sfDNwvR1A/shorts,Huda Beauty,UCRSvEADlY-caz3sfDNwvR1A,2026-02-10,37,1080,1920,24,344388,7341.0,[],mp4,beauty_fashion,True
iJikhCTtuzU,Huda Reacts: Creator Looks STUNNING in Blush Filter 🩷 BABY PINK #newblush #blushfilterpalette,https://www.youtube.com/watch?v=iJikhCTtuzU,https://www.youtube.com/channel/UCRSvEADlY-caz3sfDNwvR1A/shorts,Huda Beauty,UCRSvEADlY-caz3sfDNwvR1A,2025-11-09,53,1080,1920,24,359796,9716.0,[],mp4,beauty_fashion,True
iJoZTFbr4-E,Mother cat tries to get human’s attention to save her kitten #shorts,https://www.youtube.com/watch?v=iJoZTFbr4-E,https://www.youtube.com/channel/UC6zbH1Z4G32bBV9wyK6ikPA/shorts,Kritter Klub,UC6zbH1Z4G32bBV9wyK6ikPA,2025-05-16,35,360,640,24,10758,238.0,[],mp4,animals_pets,True
iV_VB05iT9k,The Only Dog Still Alive From The 90s,https://www.youtube.com/watch?v=iV_VB05iT9k,https://www.youtube.com/channel/UC6nSFpj9HTCZ5t-N3Rm3-HA/shorts,Vsauce,UC6nSFpj9HTCZ5t-N3Rm3-HA,2024-06-24,60,1080,1920,30,9337122,775154.0,[],mp4,education_howto,True
iYTAAWMgA0M,"Yes, there's still MORE ASMR triggers I can do in 60 seconds.",https://www.youtube.com/watch?v=iYTAAWMgA0M,https://www.youtube.com/channel/UCE6acMV3m35znLcf0JGNn7Q/shorts,Gibi ASMR,UCE6acMV3m35znLcf0JGNn7Q,2026-05-02,60,1080,1920,60,167807,4293.0,[],mp4,asmr,True
iiVxaOn0H_k,Diamonds are not forever,https://www.youtube.com/watch?v=iiVxaOn0H_k,https://www.youtube.com/channel/UCFhXFikryT4aFcLkLw2LBLA/shorts,NileRed,UCFhXFikryT4aFcLkLw2LBLA,2022-06-22,56,1080,1920,60,91324411,4097907.0,"[""nilered"",""nile"",""red"",""science"",""chemistry"",""diamond"",""diamonds"",""co2"",""gas"",""burn"",""quartz"",""tube"",""blowtorch"",""forever""]",mp4,high_speed_science,True
iqCJc3WLJpo,HE FACED HIS FEAR @samandcolby,https://www.youtube.com/watch?v=iqCJc3WLJpo,https://www.youtube.com/channel/UCF0_hwTeQ73IhJuEtsUbEtA/shorts,Sofie Dossi,UCF0_hwTeQ73IhJuEtsUbEtA,2025-04-25,21,1080,1920,24,510574,14946.0,"[""sofie dossi"",""sam golbach"",""jumping"",""roof"",""short"",""building"",""jumping off building"",""agt"",""america’s got talent"",""sam and colby"",""fear"",""fear of heights"",""ghost"",""ghost hunting""]",mp4,dance,True
j0yl75LCfes,Fight and Flight 💉 Back to the Vet Pt2 - New Film OUT NOW!,https://www.youtube.com/watch?v=j0yl75LCfes,https://www.youtube.com/channel/UCE3pZOwArJXDOQjcQsiQT_w/shorts,Simon's Cat Extra,UCE3pZOwArJXDOQjcQsiQT_w,2025-06-05,15,1080,1920,25,28078,991.0,"[""simon's cat"",""simons cat"",""simons cats"",""simon's katze"",""simon tofield"",""simon the cat"",""simona”"",""Simon"",""Tofield"",""simonscat"",""animated cats"",""animated animals"",""animal (film character)"",""black and white"",""black and white cat"",""cat lovers"",""cat fails"",""cute cats"",""funny cat"",""funny cats"",""kids"",""“for"",""kids”"",""short animation"",""Animated"",""Animation"",""cartoon"",""cartoons"",""Cat"",""cats"",""cute"",""fail"",""fun"",""Funny"",""Humour"",""kitten"",""kittens"",""kitty"",""pets"",""Toons"",""videos""]",mp4,animation_edu,True
j1_LRW2f6_Y,Who Did the Best Moonwalk? 🪩,https://www.youtube.com/watch?v=j1_LRW2f6_Y,https://www.youtube.com/channel/UC5gxP-2QqIh_09djvlm9Xcg/shorts,Alan's Universe,UC5gxP-2QqIh_09djvlm9Xcg,2026-06-30,33,1080,1920,30,7979792,79697.0,"[""alan chikin chow"",""alan chikin chow tiktok"",""alan chikin chow shorts"",""alan army"",""alan chicken chow"",""alan chicken show"",""alan chikin show""]",mp4,vfx_magic,True
jV5tXKE0KV8,The farthest journey in human history has begun.,https://www.youtube.com/watch?v=jV5tXKE0KV8,https://www.youtube.com/channel/UCpVm7bg6pXKo1Pr6k5kxG9A/shorts,National Geographic,UCpVm7bg6pXKo1Pr6k5kxG9A,2026-04-02,56,1080,1920,30,43232,602.0,"[""National Geographic"",""Nat Geo"",""Explore with Us"",""Survival 4k"",""Photography 4k"",""Ancient Civilization"",""History"",""Mystery"",""Celebrate the Launch of NASA"",""Artemis II Mission"",""Around the Moon"",""High Resolution"",""Slow Motion Camera"",""Freefly System"",""Blast Off"",""Jaw Dropping"",""Frames per second"",""Artemis II"",""NASA"",""Mission to Moon"",""Rocket Launch"",""Lunar Orbit"",""Cutting Edge Tech"",""Aerospace Photography"",""Cinematic Detail"",""Human Spaceflight"",""Artemis program"",""NASA innovation"",""Launch of NASA""]",mp4,nature_wildlife,True
jX9YzpypH1g,Anagram Land,https://www.youtube.com/watch?v=jX9YzpypH1g,https://www.youtube.com/channel/UC6nSFpj9HTCZ5t-N3Rm3-HA/shorts,Vsauce,UC6nSFpj9HTCZ5t-N3Rm3-HA,2024-10-14,60,1080,1920,30,16380773,1202329.0,[],mp4,education_howto,True
jccpn0Mt-po,I can't jump. Is my workout still effective?,https://www.youtube.com/watch?v=jccpn0Mt-po,https://www.youtube.com/channel/UCCgLoMYIyP0U56dEhEL1wXQ/shorts,Chloe Ting,UCCgLoMYIyP0U56dEhEL1wXQ,2024-11-24,6,1080,1920,60,768648,16696.0,[],mp4,fitness,True
jlOD7CrDhoM,Chicken Dance Prank 🐔,https://www.youtube.com/watch?v=jlOD7CrDhoM,https://www.youtube.com/channel/UC5gxP-2QqIh_09djvlm9Xcg/shorts,Alan's Universe,UC5gxP-2QqIh_09djvlm9Xcg,2026-07-15,12,1080,1920,30,15628720,116203.0,"[""alan chikin chow"",""alan chikin chow tiktok"",""alan chikin chow shorts"",""alan army"",""alan chicken chow"",""alan chicken show"",""alan chikin show""]",mp4,vfx_magic,True
jru9Gsz3kJY,Every iPhone Ever. SAME photo!,https://www.youtube.com/watch?v=jru9Gsz3kJY,https://www.youtube.com/channel/UCBJycsmduvYEL83R_U4JriQ/shorts,Marques Brownlee,UCBJycsmduvYEL83R_U4JriQ,2026-03-27,46,1080,1920,30,5107831,146561.0,"[""every iphone"",""same photo"",""MKBHD""]",mp4,tech_review,True
jrzK4xL_W4Q,This is not normal,https://www.youtube.com/watch?v=jrzK4xL_W4Q,https://www.youtube.com/channel/UCBJycsmduvYEL83R_U4JriQ/shorts,Marques Brownlee,UCBJycsmduvYEL83R_U4JriQ,2025-11-13,58,1080,1920,30,21455628,775896.0,[],mp4,tech_review,True
juwJwHpjbHs,Why Socotra Is The Weirdest Island On Earth,https://www.youtube.com/watch?v=juwJwHpjbHs,https://www.youtube.com/channel/UC0Ize0RLIbGdH5x4wI45G-A/shorts,Drew Binsky,UC0Ize0RLIbGdH5x4wI45G-A,2026-01-07,40,1080,1920,30,426394,12240.0,[],mp4,travel_adventure,True
k2YGTSCT0q0,Light bulb vs liquid nitrogen,https://www.youtube.com/watch?v=k2YGTSCT0q0,https://www.youtube.com/channel/UCFhXFikryT4aFcLkLw2LBLA/shorts,NileRed,UCFhXFikryT4aFcLkLw2LBLA,2022-06-20,60,1080,1920,60,73034690,4291365.0,"[""nilered"",""nile"",""red"",""science"",""chemistry"",""light"",""bulb"",""liquid"",""nitrogen"",""ln2"",""tungsten"",""filament"",""incandescent""]",mp4,high_speed_science,True
k8pyifCvJNE,POV: First Time Cat Mom | Simon's Cat Extra,https://www.youtube.com/watch?v=k8pyifCvJNE,https://www.youtube.com/channel/UCE3pZOwArJXDOQjcQsiQT_w/shorts,Simon's Cat Extra,UCE3pZOwArJXDOQjcQsiQT_w,2025-03-30,51,1080,1920,25,24825,1508.0,"[""simon's cat"",""simons cat"",""simons cats"",""simon's katze"",""simon tofield"",""simon the cat"",""simona”"",""Simon"",""Tofield"",""simonscat"",""animated cats"",""animated animals"",""animal (film character)"",""black and white"",""black and white cat"",""cat lovers"",""cat fails"",""cute cats"",""funny cat"",""funny cats"",""kids"",""“for"",""kids”"",""short animation"",""Animated"",""Animation"",""cartoon"",""cartoons"",""Cat"",""cats"",""cute"",""fail"",""fun"",""Funny"",""Humour"",""kitten"",""kittens"",""kitty"",""pets"",""Toons"",""videos""]",mp4,animation_edu,True
kB4wfkiJoEk,Billie Eilish on Climate Anxiety,https://www.youtube.com/watch?v=kB4wfkiJoEk,https://www.youtube.com/channel/UCpVm7bg6pXKo1Pr6k5kxG9A/shorts,National Geographic,UCpVm7bg6pXKo1Pr6k5kxG9A,2026-04-27,29,1080,1920,30,60681,1343.0,"[""National Geographic"",""Nat Geo"",""Planet Earth"",""Earth"",""Science"",""Culture"",""Discover"",""Explore"",""Animals"",""Wildlife"",""Climate Change"",""Billie Eilish"",""Singer"",""billie eilish interview"",""Climate Anxiety"",""Environmentalism"",""Environment"",""Conservation"",""Perpetual Planet"",""billie eilish on climate change"",""billie eilish climate change"",""explore with us"",""Billie Eilish Tour"",""Hit Me Hard And Soft: The Tour"",""Hit Me Hard and Soft"",""Tour Movie"",""Climate Friendly"",""Eco Tour"",""American Singer Songwriter"",""Performer"",""interview""]",mp4,nature_wildlife,True
kJT1lTAFMFI,The Legacy Box,https://www.youtube.com/watch?v=kJT1lTAFMFI,https://www.youtube.com/channel/UC6nSFpj9HTCZ5t-N3Rm3-HA/shorts,Vsauce,UC6nSFpj9HTCZ5t-N3Rm3-HA,2024-11-26,60,1080,1920,30,2641738,133960.0,[],mp4,education_howto,True
kNLr-cduzuo,Wait... Was He Famous?,https://www.youtube.com/watch?v=kNLr-cduzuo,https://www.youtube.com/channel/UCX6OQ3DkcsbYNE6H8uQQuVA/shorts,MrBeast,UCX6OQ3DkcsbYNE6H8uQQuVA,2026-01-25,13,1080,1920,30,200396895,4241679.0,[],mp4,challenge_stunts,True
kN_BLHMIkHk,Can Bertie Gregory name every bee? #SecretsOfTheBees,https://www.youtube.com/watch?v=kN_BLHMIkHk,https://www.youtube.com/channel/UCpVm7bg6pXKo1Pr6k5kxG9A/shorts,National Geographic,UCpVm7bg6pXKo1Pr6k5kxG9A,2026-04-23,40,1080,1920,24,19605,370.0,"[""National Geographic"",""Nat Geo docs"",""Animals Lover"",""Wildlife"",""Survival 4k"",""Nature videos"",""Photography 4k"",""Mystery"",""Bertie Gregory"",""Bees video"",""Hive"",""Life of Bees"",""Honey bee"",""Bee Hive"",""Pollination"",""bee documentary"",""bee facts"",""Nat Geo Animals"",""Pollinator"",""Secrets of the Bees"",""Disney+"",""Hulu"",""Wildlife documentary"",""Insect"",""Worker Bees"",""Nat Geo Explorer"",""Exploring 4k"",""Behind the Scenes"",""Docuseries"",""Queen Bee"",""Vulture bees"",""Bee species"",""BTS"",""Short"",""honeybee"",""species"",""challenge"",""explore"",""discover""]",mp4,nature_wildlife,True
kS4fUUjpcDQ,How to train dog with ‘separation anxiety’? #shorts,https://www.youtube.com/watch?v=kS4fUUjpcDQ,https://www.youtube.com/channel/UC6zbH1Z4G32bBV9wyK6ikPA/shorts,Kritter Klub,UC6zbH1Z4G32bBV9wyK6ikPA,2025-04-11,31,360,640,24,5390,161.0,[],mp4,animals_pets,True
kbpyyXRZNB4,Flame On 🔥,https://www.youtube.com/watch?v=kbpyyXRZNB4,https://www.youtube.com/channel/UC5f5IV0Bf79YLp_p9nfInRA/shorts,How Ridiculous,UC5f5IV0Bf79YLp_p9nfInRA,2024-11-04,16,1080,1920,50,4267598,85381.0,"[""how ridiculous"",""rexy"",""44club""]",mp4,sports_trick_shots,True
kicfOSlUemk,Iron Lung is the NUMBER 1 MOVIE (today) IN AMERICA!!!,https://www.youtube.com/watch?v=kicfOSlUemk,https://www.youtube.com/channel/UC7_YxT-KID8kRbqZo7MyscQ/shorts,Markiplier,UC7_YxT-KID8kRbqZo7MyscQ,2026-01-31,15,1080,1920,24,3591393,229840.0,[],mp4,gaming,True
ktTtUjzRiNk,22 day old texel guinea pigs #shorts #guineapig,https://www.youtube.com/watch?v=ktTtUjzRiNk,https://www.youtube.com/channel/UC6zbH1Z4G32bBV9wyK6ikPA/shorts,Kritter Klub,UC6zbH1Z4G32bBV9wyK6ikPA,2024-12-14,9,1080,1920,30,4873,292.0,[],mp4,animals_pets,True
kwpUbXupLk0,Epic Candle Blowout Race Vs @ChrisHemsworth & Brian Tyree Henry 🔥,https://www.youtube.com/watch?v=kwpUbXupLk0,https://www.youtube.com/channel/UC5f5IV0Bf79YLp_p9nfInRA/shorts,How Ridiculous,UC5f5IV0Bf79YLp_p9nfInRA,2024-09-20,45,1080,1920,50,7213725,277208.0,"[""how ridiculous"",""rexy"",""44club""]",mp4,sports_trick_shots,True
kxmdO0iOLt8,800 ⚽️ Nutmeg Challenge is HECTIC,https://www.youtube.com/watch?v=kxmdO0iOLt8,https://www.youtube.com/channel/UC5f5IV0Bf79YLp_p9nfInRA/shorts,How Ridiculous,UC5f5IV0Bf79YLp_p9nfInRA,2025-12-10,12,1080,1920,60,55665079,206978.0,[],mp4,sports_trick_shots,True
lBl_2n2Usp0,How We Film AU Dance Scenes!,https://www.youtube.com/watch?v=lBl_2n2Usp0,https://www.youtube.com/channel/UC5gxP-2QqIh_09djvlm9Xcg/shorts,Alan's Universe,UC5gxP-2QqIh_09djvlm9Xcg,2026-07-27,12,1080,1920,30,66863,1670.0,"[""alan chikin chow"",""alan chikin chow tiktok"",""alan chikin chow shorts"",""alan army"",""alan chicken chow"",""alan chicken show"",""alan chikin show""]",mp4,vfx_magic,True
lGdxjqAUXzE,This queen bee is almost ready for her debut 👑 #SecretsOfTheBees,https://www.youtube.com/watch?v=lGdxjqAUXzE,https://www.youtube.com/channel/UCpVm7bg6pXKo1Pr6k5kxG9A/shorts,National Geographic,UCpVm7bg6pXKo1Pr6k5kxG9A,2026-04-20,60,1080,1920,24,30285,935.0,"[""National Geographic"",""Nat Geo docs"",""Animals Lover"",""Wildlife"",""Survival 4k"",""Nature videos"",""Photography 4k"",""Mystery"",""Bertie Gregory"",""Bees video"",""Hive"",""Life of Bees"",""Honey bee"",""Bee Hive"",""Pollination"",""Bee Facts"",""Nat Geo Animals"",""Pollinator"",""Secrets of the Bees"",""Disney+"",""Hulu"",""Wildlife documentary"",""Insect"",""Worker Bees"",""Nat Geo Explorer"",""Exploring 4k"",""Eggs"",""Pollen"",""Yellow Dust"",""Pollen Basket"",""Behind the Scenes"",""Docuseries"",""Queen Bee"",""Vulture bees"",""Bee species"",""BTS"",""Short"",""Queen Emergence""]",mp4,nature_wildlife,True
lH3_iURHju8,when I workout from home 😳 is this you too?,https://www.youtube.com/watch?v=lH3_iURHju8,https://www.youtube.com/channel/UCCgLoMYIyP0U56dEhEL1wXQ/shorts,Chloe Ting,UCCgLoMYIyP0U56dEhEL1wXQ,2024-10-13,5,1080,1920,30,900887,30500.0,"[""fitness"",""fitness girl"",""fitness lifestyle"",""workout motivation"",""fitness motivation"",""relatable"",""workout outfit""]",mp4,fitness,True
lLyabpGn5Pw,Let us know quick!,https://www.youtube.com/watch?v=lLyabpGn5Pw,https://www.youtube.com/channel/UC56D-IHcUvLVFTX_8NpQMXg/shorts,Brent Rivera,UC56D-IHcUvLVFTX_8NpQMXg,2025-11-29,11,1080,1920,30,149080899,1004014.0,[],mp4,comedy_sketch,True
lQ-rxy2Q3cs,Huda Reacts to Muna Mohammed’s Baby Pink Blush Look 💗,https://www.youtube.com/watch?v=lQ-rxy2Q3cs,https://www.youtube.com/channel/UCRSvEADlY-caz3sfDNwvR1A/shorts,Huda Beauty,UCRSvEADlY-caz3sfDNwvR1A,2025-11-18,47,1080,1920,24,471184,11774.0,[],mp4,beauty_fashion,True
lSe73vslNJI,Cooking An Egg In My Hot Car,https://www.youtube.com/watch?v=lSe73vslNJI,https://www.youtube.com/channel/UC6nSFpj9HTCZ5t-N3Rm3-HA/shorts,Vsauce,UC6nSFpj9HTCZ5t-N3Rm3-HA,2024-09-08,59,1080,1920,30,3879371,291528.0,[],mp4,education_howto,True
laSCmjoYQdM,This Is Not Yellow,https://www.youtube.com/watch?v=laSCmjoYQdM,https://www.youtube.com/channel/UC6nSFpj9HTCZ5t-N3Rm3-HA/shorts,Vsauce,UC6nSFpj9HTCZ5t-N3Rm3-HA,2026-08-03,42,1080,1920,30,752583,45474.0,[],mp4,education_howto,True
ljA3aDFFs3M,Would You Go To A Random Dentist In Iraq?,https://www.youtube.com/watch?v=ljA3aDFFs3M,https://www.youtube.com/channel/UC0Ize0RLIbGdH5x4wI45G-A/shorts,Drew Binsky,UC0Ize0RLIbGdH5x4wI45G-A,2026-06-12,24,1080,1920,30,136482,2853.0,[],mp4,travel_adventure,True
m06Zmwgr4Tc,No pollen is out of reach for the buff-tailed bumblebee #SecretsOfTheBees,https://www.youtube.com/watch?v=m06Zmwgr4Tc,https://www.youtube.com/channel/UCpVm7bg6pXKo1Pr6k5kxG9A/shorts,National Geographic,UCpVm7bg6pXKo1Pr6k5kxG9A,2026-04-07,25,1080,1920,24,62098,873.0,"[""National Geographic"",""Nat Geo docs"",""Animals Lover"",""Wildlife"",""Survival 4k"",""Nature videos"",""Photography 4k"",""Mystery"",""Bertie Gregory"",""Bees video"",""Hive"",""Life of Bees"",""Honey bee"",""Bee Hive"",""Pollination"",""bee documentary"",""bee facts"",""Nat Geo Animals"",""Pollinator"",""Secrets of the Bees"",""Disney+"",""Hulu"",""Wildlife documentary"",""Insect"",""Worker Bees"",""Nat Geo Explorer"",""Exploring 4k"",""BTS"",""Honey Bees"",""Thorax"",""Pollen"",""Yellow Dust"",""Pollen Basket"",""Behind the Scenes"",""Docuseries"",""4K Footage"",""bumblebee colony""]",mp4,nature_wildlife,True
m0SNHvT6ybQ,Copy and Paste from Real Life!,https://www.youtube.com/watch?v=m0SNHvT6ybQ,https://www.youtube.com/channel/UCBJycsmduvYEL83R_U4JriQ/shorts,Marques Brownlee,UCBJycsmduvYEL83R_U4JriQ,2025-02-07,60,1080,1920,30,3531139,144677.0,"[""MKBHD"",""copy and paste"",""tech tip"",""phone tip"",""iPhone tip"",""Google lens""]",mp4,tech_review,True
m2mPN4PxN5I,Only on WowCube! 🤩 Order Now! 🇺🇸 The President’s Face Puzzle #wowcube,https://www.youtube.com/watch?v=m2mPN4PxN5I,https://www.youtube.com/channel/UC295-Dw_tDNtZXFeAPAW6Aw/shorts,5-Minute Crafts,UC295-Dw_tDNtZXFeAPAW6Aw,2025-10-09,26,1080,1920,25,259752,1038.0,"[""5 minute craft"",""5 minutes craft"",""5-minute crafts"",""crafts"",""diy"",""diy activities"",""diy projects"",""do it yourself"",""handcraft"",""howto"",""life hacks"",""lifehacks"",""proyectos faciles"",""tips"",""tricks"",""trucos"",""trucos de belliza"",""tutorial"",""useful things""]",mp4,diy_crafts,True
m35V-_fbVGw,WILL I WIN THESE GAMES?!,https://www.youtube.com/watch?v=m35V-_fbVGw,https://www.youtube.com/channel/UCF0_hwTeQ73IhJuEtsUbEtA/shorts,Sofie Dossi,UCF0_hwTeQ73IhJuEtsUbEtA,2025-01-25,51,1080,1920,30,1008065,28366.0,"[""Sofie Dossi"",""Squid games"",""Squid game 2"",""Season 2"",""Flexibility"",""Contortion"",""Games"",""Feet"",""Agt""]",mp4,dance,True
m5DXGedQuS0,Cat Hair is Your Glitter | Simon's Cat Extra | #shortsfeed,https://www.youtube.com/watch?v=m5DXGedQuS0,https://www.youtube.com/channel/UCE3pZOwArJXDOQjcQsiQT_w/shorts,Simon's Cat Extra,UCE3pZOwArJXDOQjcQsiQT_w,2025-03-27,60,1080,1920,25,14379,880.0,"[""simon's cat"",""simons cat"",""simons cats"",""simon's katze"",""simon tofield"",""simon the cat"",""simona”"",""Simon"",""Tofield"",""simonscat"",""animated cats"",""animated animals"",""animal (film character)"",""black and white"",""black and white cat"",""cat lovers"",""cat fails"",""cute cats"",""funny cat"",""funny cats"",""kids"",""“for"",""kids”"",""short animation"",""Animated"",""Animation"",""cartoon"",""cartoons"",""Cat"",""cats"",""cute"",""fail"",""fun"",""Funny"",""Humour"",""kitten"",""kittens"",""kitty"",""pets"",""Toons"",""videos""]",mp4,animation_edu,True
mKkppGA6lTM,FINDING MY CAT A BOYFRIEND…,https://www.youtube.com/watch?v=mKkppGA6lTM,https://www.youtube.com/channel/UCF0_hwTeQ73IhJuEtsUbEtA/shorts,Sofie Dossi,UCF0_hwTeQ73IhJuEtsUbEtA,2023-08-02,42,1080,1920,30,8241110,276529.0,"[""sofie dossi"",""Sofie Dossi shorts"",""shorts"",""cat"",""boyfriend""]",mp4,dance,True
mLCldHvX4Jk,Beach Day RACING 🏖️,https://www.youtube.com/watch?v=mLCldHvX4Jk,https://www.youtube.com/channel/UC5f5IV0Bf79YLp_p9nfInRA/shorts,How Ridiculous,UC5f5IV0Bf79YLp_p9nfInRA,2026-02-26,56,1080,1920,30,621639,9063.0,[],mp4,sports_trick_shots,True
mNq_5QWu7uo,PSA,https://www.youtube.com/watch?v=mNq_5QWu7uo,https://www.youtube.com/channel/UCBJycsmduvYEL83R_U4JriQ/shorts,Marques Brownlee,UCBJycsmduvYEL83R_U4JriQ,2025-04-01,47,720,1280,30,1094262,42496.0,[],mp4,tech_review,True
mdjZhbnVyz4,Beef Wellington does not belong as a burger !,https://www.youtube.com/watch?v=mdjZhbnVyz4,https://www.youtube.com/channel/UCIEv3lZ_tNXHzL3ox-_uUGQ/shorts,Gordon Ramsay,UCIEv3lZ_tNXHzL3ox-_uUGQ,2024-09-30,56,1080,1920,30,2064306,69471.0,[],mp4,cooking_food,True
mktYW177p6U,Guess the Animal,https://www.youtube.com/watch?v=mktYW177p6U,https://www.youtube.com/channel/UCX6OQ3DkcsbYNE6H8uQQuVA/shorts,MrBeast,UCX6OQ3DkcsbYNE6H8uQQuVA,2026-01-06,53,1080,1920,30,555844687,6728495.0,[],mp4,challenge_stunts,True
mtMpX0YaHBk,Can You Solve This Word Puzzle?,https://www.youtube.com/watch?v=mtMpX0YaHBk,https://www.youtube.com/channel/UC6nSFpj9HTCZ5t-N3Rm3-HA/shorts,Vsauce,UC6nSFpj9HTCZ5t-N3Rm3-HA,2024-10-02,42,1080,1920,30,34751562,1341625.0,[],mp4,education_howto,True
n2x7d5hAmXs,The Contradiction In The U.S. Constitution,https://www.youtube.com/watch?v=n2x7d5hAmXs,https://www.youtube.com/channel/UC6nSFpj9HTCZ5t-N3Rm3-HA/shorts,Vsauce,UC6nSFpj9HTCZ5t-N3Rm3-HA,2024-06-21,60,720,1280,30,11937282,764932.0,[],mp4,education_howto,True
n4W-3UgN_Hg,Aluminum vs acid is crazy,https://www.youtube.com/watch?v=n4W-3UgN_Hg,https://www.youtube.com/channel/UCFhXFikryT4aFcLkLw2LBLA/shorts,NileRed,UCFhXFikryT4aFcLkLw2LBLA,2021-09-14,60,1080,1920,60,17844180,1187952.0,"[""nilered"",""nile"",""red"",""science"",""chemistry"",""aluminum"",""aluminium"",""vs"",""acid"",""crazy"",""copper"",""sulfate"",""hydrochloric"",""dancing"",""flames"",""fire"",""blue"",""ions""]",mp4,high_speed_science,True
n4Xe6yQ1jIs,This feels illegal,https://www.youtube.com/watch?v=n4Xe6yQ1jIs,https://www.youtube.com/channel/UCBJycsmduvYEL83R_U4JriQ/shorts,Marques Brownlee,UCBJycsmduvYEL83R_U4JriQ,2025-11-26,47,1080,1920,30,2416850,95740.0,[],mp4,tech_review,True
n4jC83Byt3k,☀️ YOU NEED THIS SUMMER HACK RIGHT NOW! 🤯🔥 #shorts #parenting,https://www.youtube.com/watch?v=n4jC83Byt3k,https://www.youtube.com/channel/UC295-Dw_tDNtZXFeAPAW6Aw/shorts,5-Minute Crafts,UC295-Dw_tDNtZXFeAPAW6Aw,2026-04-21,15,1080,1920,24,231371,1800.0,"[""parenting"",""summer"",""diy"",""lifehack"",""family""]",mp4,diy_crafts,True
nQNrFh0lNzQ,Cat hiding in the closet and not coming out #shorts,https://www.youtube.com/watch?v=nQNrFh0lNzQ,https://www.youtube.com/channel/UC6zbH1Z4G32bBV9wyK6ikPA/shorts,Kritter Klub,UC6zbH1Z4G32bBV9wyK6ikPA,2024-12-26,34,1080,1920,24,7705,578.0,"[""animalvideo"",""animals"",""kritterklub"",""Kritterklub"",""kritterklubanimal""]",mp4,animals_pets,True
neM6WSimgJk,Trust me….you won’t find me playing with meat this big !!,https://www.youtube.com/watch?v=neM6WSimgJk,https://www.youtube.com/channel/UCIEv3lZ_tNXHzL3ox-_uUGQ/shorts,Gordon Ramsay,UCIEv3lZ_tNXHzL3ox-_uUGQ,2024-08-26,60,1080,1920,30,799014,26182.0,[],mp4,cooking_food,True
neTWKz7WStY,Postmodern Jukebox Played Royal Albert Hall!,https://www.youtube.com/watch?v=neTWKz7WStY,https://www.youtube.com/channel/UCORIeT1hk6tYBuntEXsguLg/shorts,PostmodernJukebox,UCORIeT1hk6tYBuntEXsguLg,2025-05-19,38,1080,1920,25,124064,2962.0,[],mp4,music_performance,True
nhxyOm6JkGo,Her reaction😂,https://www.youtube.com/watch?v=nhxyOm6JkGo,https://www.youtube.com/channel/UC56D-IHcUvLVFTX_8NpQMXg/shorts,Brent Rivera,UC56D-IHcUvLVFTX_8NpQMXg,2026-01-16,24,1080,1920,30,7105825,72260.0,[],mp4,comedy_sketch,True
nifUnSk21-w,Apple has done this before 👀,https://www.youtube.com/watch?v=nifUnSk21-w,https://www.youtube.com/channel/UCBJycsmduvYEL83R_U4JriQ/shorts,Marques Brownlee,UCBJycsmduvYEL83R_U4JriQ,2024-06-11,58,1080,1920,30,5729182,186593.0,[],mp4,tech_review,True
nk7Tm5uzcWQ,His Greed Sickens Me | Simon's Cat Extra,https://www.youtube.com/watch?v=nk7Tm5uzcWQ,https://www.youtube.com/channel/UCE3pZOwArJXDOQjcQsiQT_w/shorts,Simon's Cat Extra,UCE3pZOwArJXDOQjcQsiQT_w,2025-12-14,21,1080,1920,25,74440,2766.0,"[""Simon’s Cat"",""кот саймонаv"",""simon the cat"",""simon cat"",""simons cat color"",""funny cat cartoons"",""animations for cats"",""Cat funny cats"",""Stories about cats"",""simons cats videos"",""simon the cat thanksgiving"",""cat videos cute cat"",""cat videos for cats to watch"",""simon cat full episodes"",""simon cat videos"",""animated short film"",""cat entertainment videos"",""funny videos of cats and dogs"",""cat videos"",""simons cat vet"",""cat cartoon video"",""nature videos for cats""]",mp4,animation_edu,True
o36Cs9CK0Oc,ASMR - Preparing your Taste Test #shorts,https://www.youtube.com/watch?v=o36Cs9CK0Oc,https://www.youtube.com/channel/UCE6acMV3m35znLcf0JGNn7Q/shorts,Gibi ASMR,UCE6acMV3m35znLcf0JGNn7Q,2025-12-02,34,1080,1920,60,207910,6390.0,[],mp4,asmr,True
o3yEAZ5t5ds,This Dance is Addictive…,https://www.youtube.com/watch?v=o3yEAZ5t5ds,https://www.youtube.com/channel/UC5gxP-2QqIh_09djvlm9Xcg/shorts,Alan's Universe,UC5gxP-2QqIh_09djvlm9Xcg,2026-07-10,11,1080,1920,30,36780530,195608.0,"[""alan chikin chow"",""alan chikin chow tiktok"",""alan chikin chow shorts"",""alan army"",""alan chicken chow"",""alan chicken show"",""alan chikin show""]",mp4,vfx_magic,True
oJcNzBDmw9M,Valentine or Birthday idea that you will gasp about! ❤️😍,https://www.youtube.com/watch?v=oJcNzBDmw9M,https://www.youtube.com/channel/UC295-Dw_tDNtZXFeAPAW6Aw/shorts,5-Minute Crafts,UC295-Dw_tDNtZXFeAPAW6Aw,2026-01-18,42,1080,1920,25,409546,3522.0,[],mp4,diy_crafts,True
obd5HP3iMaA,Best Christmas Gift? WowCube! 🎁 Order Now! #wowcube,https://www.youtube.com/watch?v=obd5HP3iMaA,https://www.youtube.com/channel/UC295-Dw_tDNtZXFeAPAW6Aw/shorts,5-Minute Crafts,UC295-Dw_tDNtZXFeAPAW6Aw,2025-11-22,27,1080,1920,25,383271,1639.0,"[""5 minute craft"",""5 minutes craft"",""5-minute crafts"",""crafts"",""diy"",""diy activities"",""diy projects"",""do it yourself"",""handcraft"",""howto"",""life hacks"",""lifehacks"",""proyectos faciles"",""tips"",""tricks"",""trucos"",""trucos de belliza"",""tutorial"",""useful things""]",mp4,diy_crafts,True
ocnme30fHho,She Hasn’t Eaten Anything For 20 Years,https://www.youtube.com/watch?v=ocnme30fHho,https://www.youtube.com/channel/UC0Ize0RLIbGdH5x4wI45G-A/shorts,Drew Binsky,UC0Ize0RLIbGdH5x4wI45G-A,2025-12-26,36,1080,1920,30,308472,6650.0,[],mp4,travel_adventure,True
ooznIE5Qnf4,NEW GAME - SIMON'S CAT MATCH,https://www.youtube.com/watch?v=ooznIE5Qnf4,https://www.youtube.com/channel/UCE3pZOwArJXDOQjcQsiQT_w/shorts,Simon's Cat Extra,UCE3pZOwArJXDOQjcQsiQT_w,2025-03-24,30,1080,1920,30,16945,405.0,"[""simon's cat"",""simons cat"",""simons cats"",""simon's katze"",""simon tofield"",""simon the cat"",""simona”"",""Simon"",""Tofield"",""simonscat"",""animated cats"",""animated animals"",""animal (film character)"",""black and white"",""black and white cat"",""cat lovers"",""cat fails"",""cute cats"",""funny cat"",""funny cats"",""kids"",""“for"",""kids”"",""short animation"",""Animated"",""Animation"",""cartoon"",""cartoons"",""Cat"",""cats"",""cute"",""fail"",""fun"",""Funny"",""Humour"",""kitten"",""kittens"",""kitty"",""pets"",""Toons"",""videos""]",mp4,animation_edu,True
ozSONIKIudQ,Catch Of The Year?! 🟢,https://www.youtube.com/watch?v=ozSONIKIudQ,https://www.youtube.com/channel/UC5f5IV0Bf79YLp_p9nfInRA/shorts,How Ridiculous,UC5f5IV0Bf79YLp_p9nfInRA,2025-03-24,30,1080,1920,60,191111486,3358734.0,"[""how ridiculous"",""rexy"",""44club""]",mp4,sports_trick_shots,True
p4m6LUgD_Hk,"We captured the Artemis II launch at 2,000 frames per second",https://www.youtube.com/watch?v=p4m6LUgD_Hk,https://www.youtube.com/channel/UCpVm7bg6pXKo1Pr6k5kxG9A/shorts,National Geographic,UCpVm7bg6pXKo1Pr6k5kxG9A,2026-04-03,21,1080,1920,30,289590,2403.0,"[""National Geographic"",""Nat Geo"",""Explore with Us"",""Survival 4k"",""Photography 4k"",""History"",""Celebrate the Launch of NASA"",""Artemis II Mission"",""Around the Moon"",""High Resolution"",""Slow Motion Camera"",""Freefly System"",""Blast Off"",""Jaw Dropping"",""Artemis II"",""NASA"",""Mission to Moon"",""Rocket Launch"",""Lunar Orbit"",""Cutting Edge Tech"",""Aerospace Photography"",""Human Spaceflight"",""Artemis program"",""NASA Innovation"",""Launch of NASA"",""moon"",""artemis"",""artemis 2"",""world news"",""artemis ii launch"",""space launch""]",mp4,nature_wildlife,True
pQ_nQodtTt8,Sneaker Upgrade! DIY Laptop Bag from Old Shoes 👟💻,https://www.youtube.com/watch?v=pQ_nQodtTt8,https://www.youtube.com/channel/UC295-Dw_tDNtZXFeAPAW6Aw/shorts,5-Minute Crafts,UC295-Dw_tDNtZXFeAPAW6Aw,2025-11-27,37,1080,1920,25,587739,3500.0,[],mp4,diy_crafts,True
pWsFlzkUCw4,It’s really that simple 🙂,https://www.youtube.com/watch?v=pWsFlzkUCw4,https://www.youtube.com/channel/UC5f5IV0Bf79YLp_p9nfInRA/shorts,How Ridiculous,UC5f5IV0Bf79YLp_p9nfInRA,2025-11-14,26,1080,1920,50,491839,6300.0,[],mp4,sports_trick_shots,True
pcuZ4NF2Z4A,Sometimes I have to take some humble pie from my daughter @TillyRamsay 🙄,https://www.youtube.com/watch?v=pcuZ4NF2Z4A,https://www.youtube.com/channel/UCIEv3lZ_tNXHzL3ox-_uUGQ/shorts,Gordon Ramsay,UCIEv3lZ_tNXHzL3ox-_uUGQ,2024-06-03,21,720,1280,24,1876246,48392.0,[],mp4,cooking_food,True
pkZEgLnEvrA,WE GOT THIS!!,https://www.youtube.com/watch?v=pkZEgLnEvrA,https://www.youtube.com/channel/UC56D-IHcUvLVFTX_8NpQMXg/shorts,Brent Rivera,UC56D-IHcUvLVFTX_8NpQMXg,2026-03-25,38,1080,1920,30,38631940,1423393.0,[],mp4,comedy_sketch,True
pmydhhwkWR8,This Lip Combo Is Everything - Huda’s Fav! #easybake #hudabeauty,https://www.youtube.com/watch?v=pmydhhwkWR8,https://www.youtube.com/channel/UCRSvEADlY-caz3sfDNwvR1A/shorts,Huda Beauty,UCRSvEADlY-caz3sfDNwvR1A,2025-11-19,13,1080,1920,24,585219,10170.0,[],mp4,beauty_fashion,True
pvjivZ6C6CA,Every iPhone Camera vs LOW Light,https://www.youtube.com/watch?v=pvjivZ6C6CA,https://www.youtube.com/channel/UCBJycsmduvYEL83R_U4JriQ/shorts,Marques Brownlee,UCBJycsmduvYEL83R_U4JriQ,2026-03-30,48,1080,1920,30,1825381,67514.0,"[""MKBHD"",""every iphone"",""low light"",""photo test"",""camera test""]",mp4,tech_review,True
qMHxkhr9HOk,ASMR - Pick the pink tone for your eye color! #shorts,https://www.youtube.com/watch?v=qMHxkhr9HOk,https://www.youtube.com/channel/UCE6acMV3m35znLcf0JGNn7Q/shorts,Gibi ASMR,UCE6acMV3m35znLcf0JGNn7Q,2025-11-30,40,1080,1920,60,211802,6847.0,[],mp4,asmr,True
qMPOMDcKHlM,Watch me eat pure capsaicin,https://www.youtube.com/watch?v=qMPOMDcKHlM,https://www.youtube.com/channel/UCFhXFikryT4aFcLkLw2LBLA/shorts,NileRed,UCFhXFikryT4aFcLkLw2LBLA,2021-12-30,43,1080,1920,60,11163038,784948.0,"[""nilered"",""nile"",""red"",""science"",""chemistry"",""capsaicin"",""capsaisin"",""capcaicin"",""capcaisin"",""spiciness"",""heat"",""pepper"",""chili"",""habanero"",""spicy"",""spice"",""hot"",""sauce""]",mp4,high_speed_science,True
qUALUK3hXu0,A Cosmic Coincidence,https://www.youtube.com/watch?v=qUALUK3hXu0,https://www.youtube.com/channel/UC6nSFpj9HTCZ5t-N3Rm3-HA/shorts,Vsauce,UC6nSFpj9HTCZ5t-N3Rm3-HA,2025-11-13,48,1080,1920,60,23789966,1284586.0,[],mp4,education_howto,True
qZrBTqO_PVE,3 Brutal Rules North Korean Bodyguards Must Follow,https://www.youtube.com/watch?v=qZrBTqO_PVE,https://www.youtube.com/channel/UC0Ize0RLIbGdH5x4wI45G-A/shorts,Drew Binsky,UC0Ize0RLIbGdH5x4wI45G-A,2026-07-16,24,1080,1920,24,187204,4878.0,[],mp4,travel_adventure,True
qbu8hN4Qv00,M4 iPad vs MAGNETS,https://www.youtube.com/watch?v=qbu8hN4Qv00,https://www.youtube.com/channel/UCBJycsmduvYEL83R_U4JriQ/shorts,Marques Brownlee,UCBJycsmduvYEL83R_U4JriQ,2024-05-16,60,1080,1920,30,7443156,248843.0,[],mp4,tech_review,True
qcuP0K47RGw,10 Days of Giveaways! 🎁✨ #CyberCraze,https://www.youtube.com/watch?v=qcuP0K47RGw,https://www.youtube.com/channel/UCRSvEADlY-caz3sfDNwvR1A/shorts,Huda Beauty,UCRSvEADlY-caz3sfDNwvR1A,2025-11-17,32,1080,1920,24,210209,4110.0,[],mp4,beauty_fashion,True
qdYXi7lKJVI,If you're not seeing results..,https://www.youtube.com/watch?v=qdYXi7lKJVI,https://www.youtube.com/channel/UCCgLoMYIyP0U56dEhEL1wXQ/shorts,Chloe Ting,UCCgLoMYIyP0U56dEhEL1wXQ,2024-11-10,10,1080,1920,60,743990,23826.0,[],mp4,fitness,True
qek08b3-cvQ,POV you’re a basketball 🏀,https://www.youtube.com/watch?v=qek08b3-cvQ,https://www.youtube.com/channel/UC5f5IV0Bf79YLp_p9nfInRA/shorts,How Ridiculous,UC5f5IV0Bf79YLp_p9nfInRA,2025-12-01,13,1080,1920,50,672728,8647.0,[],mp4,sports_trick_shots,True
qlyuvusQ3Qk,Colour me impressed !! Those fish and chips look good !! #gordonramsay #cooking,https://www.youtube.com/watch?v=qlyuvusQ3Qk,https://www.youtube.com/channel/UCIEv3lZ_tNXHzL3ox-_uUGQ/shorts,Gordon Ramsay,UCIEv3lZ_tNXHzL3ox-_uUGQ,2024-09-09,35,1080,1920,30,4309735,173555.0,[],mp4,cooking_food,True
qq2wSD0CjNY,Slow-mo ballistics gel is CRAZY!,https://www.youtube.com/watch?v=qq2wSD0CjNY,https://www.youtube.com/channel/UC5f5IV0Bf79YLp_p9nfInRA/shorts,How Ridiculous,UC5f5IV0Bf79YLp_p9nfInRA,2024-11-28,24,1080,1920,50,1097409,28484.0,"[""how ridiculous"",""rexy"",""44club""]",mp4,sports_trick_shots,True
qwlvGMrsjOU,Praying that Jojo Sim and Lexi Hensler can actually make a decent leftover sandwich,https://www.youtube.com/watch?v=qwlvGMrsjOU,https://www.youtube.com/channel/UCIEv3lZ_tNXHzL3ox-_uUGQ/shorts,Gordon Ramsay,UCIEv3lZ_tNXHzL3ox-_uUGQ,2026-02-22,58,1080,1920,24,204113,4153.0,[],mp4,cooking_food,True
qxwLBVu4WfU,I Can’t Believe He Did That!!,https://www.youtube.com/watch?v=qxwLBVu4WfU,https://www.youtube.com/channel/UCF0_hwTeQ73IhJuEtsUbEtA/shorts,Sofie Dossi,UCF0_hwTeQ73IhJuEtsUbEtA,2025-08-03,35,1080,1920,30,4488433,92107.0,"[""sofie dossi"",""contortion"",""flexibility"",""america’s got talent"",""agt"",""shorts""]",mp4,dance,True
r1_3uV6D-h4,Dolphin Directions - #HammerheadSharksUpClose #Sharkfest,https://www.youtube.com/watch?v=r1_3uV6D-h4,https://www.youtube.com/channel/UCpVm7bg6pXKo1Pr6k5kxG9A/shorts,National Geographic,UCpVm7bg6pXKo1Pr6k5kxG9A,2026-07-20,51,1080,1920,24,30053,653.0,"[""national geographic"",""nat geo"",""natgeo"",""animals"",""wildlife"",""science"",""explore"",""discover"",""survival"",""nature"",""culture"",""documentary"",""photography"",""ancient civilization"",""history"",""mystery""]",mp4,nature_wildlife,True
r9aWeGqp43s,We Made Make-A-Wish Kids’ Dreams Come True,https://www.youtube.com/watch?v=r9aWeGqp43s,https://www.youtube.com/channel/UCX6OQ3DkcsbYNE6H8uQQuVA/shorts,MrBeast,UCX6OQ3DkcsbYNE6H8uQQuVA,2026-06-17,38,1080,1920,30,16503691,611185.0,[],mp4,challenge_stunts,True
rA8cRuG5G0k,THE SCARIEST PERFORMANCE OF MY LIFE,https://www.youtube.com/watch?v=rA8cRuG5G0k,https://www.youtube.com/channel/UCF0_hwTeQ73IhJuEtsUbEtA/shorts,Sofie Dossi,UCF0_hwTeQ73IhJuEtsUbEtA,2024-01-14,60,1080,1920,30,2283051,109171.0,"[""Sofie Dossi"",""Agt"",""America’s got talent"",""Contortion"",""Flexible"",""Performance"",""Sofie Dossi Agt""]",mp4,dance,True
rCHkV4mXqDs,AU Boys: Who Did it Best?,https://www.youtube.com/watch?v=rCHkV4mXqDs,https://www.youtube.com/channel/UC5gxP-2QqIh_09djvlm9Xcg/shorts,Alan's Universe,UC5gxP-2QqIh_09djvlm9Xcg,2026-07-31,16,1080,1920,30,791782,9860.0,"[""alan chikin chow"",""alan chikin chow tiktok"",""alan chikin chow shorts"",""alan army"",""alan chicken chow"",""alan chicken show"",""alan chikin show""]",mp4,vfx_magic,True
rCWFQ1sub8E,MATH IS FINALLY FUN! 🤓 Learning With The WOW Cube! ➕,https://www.youtube.com/watch?v=rCWFQ1sub8E,https://www.youtube.com/channel/UC295-Dw_tDNtZXFeAPAW6Aw/shorts,5-Minute Crafts,UC295-Dw_tDNtZXFeAPAW6Aw,2025-12-14,52,1080,1920,25,356160,2916.0,"[""5 minute craft"",""5 minutes craft"",""5-minute crafts"",""crafts"",""diy"",""diy activities"",""diy projects"",""do it yourself"",""handcraft"",""howto"",""life hacks"",""lifehacks"",""proyectos faciles"",""tips"",""tricks"",""trucos"",""trucos de belliza"",""tutorial"",""useful things""]",mp4,diy_crafts,True
rCllEeHXjUw,🚨 New YouTube Feature Alert 🚨,https://www.youtube.com/watch?v=rCllEeHXjUw,https://www.youtube.com/channel/UCBJycsmduvYEL83R_U4JriQ/shorts,Marques Brownlee,UCBJycsmduvYEL83R_U4JriQ,2025-07-18,47,1080,1920,30,1852469,57124.0,[],mp4,tech_review,True
rF00lQ_upzg,"Whatever You Hold Onto, You Keep",https://www.youtube.com/watch?v=rF00lQ_upzg,https://www.youtube.com/channel/UCX6OQ3DkcsbYNE6H8uQQuVA/shorts,MrBeast,UCX6OQ3DkcsbYNE6H8uQQuVA,2025-12-02,26,1080,1920,30,97753013,1221247.0,[],mp4,challenge_stunts,True
rHBv-rNQYVs,I Brought My Wife To Iraq (Worst Idea Ever?),https://www.youtube.com/watch?v=rHBv-rNQYVs,https://www.youtube.com/channel/UC0Ize0RLIbGdH5x4wI45G-A/shorts,Drew Binsky,UC0Ize0RLIbGdH5x4wI45G-A,2026-06-18,32,1080,1920,24,125093,3431.0,[],mp4,travel_adventure,True
rMxrTnEw_cQ,ASMR- Showing you my essentials bag!,https://www.youtube.com/watch?v=rMxrTnEw_cQ,https://www.youtube.com/channel/UCE6acMV3m35znLcf0JGNn7Q/shorts,Gibi ASMR,UCE6acMV3m35znLcf0JGNn7Q,2026-05-05,60,1080,1920,60,291864,10008.0,[],mp4,asmr,True
rW5Rcdy4gWU,TEAM LEVELS!!,https://www.youtube.com/watch?v=rW5Rcdy4gWU,https://www.youtube.com/channel/UC56D-IHcUvLVFTX_8NpQMXg/shorts,Brent Rivera,UC56D-IHcUvLVFTX_8NpQMXg,2026-08-11,32,1080,1920,30,2916681,44527.0,[],mp4,comedy_sketch,True
rZYSQ8zUM1M,Meet the red-tailed mason bee 🐝 #SecretsOfTheBees,https://www.youtube.com/watch?v=rZYSQ8zUM1M,https://www.youtube.com/channel/UCpVm7bg6pXKo1Pr6k5kxG9A/shorts,National Geographic,UCpVm7bg6pXKo1Pr6k5kxG9A,2026-04-05,39,1080,1920,24,48639,1126.0,"[""National Geographic"",""Nat Geo docs"",""Animals Lover"",""Wildlife"",""Survival 4k"",""Nature videos"",""Photography 4k"",""Mystery"",""Bertie Gregory"",""Bees video"",""Hive"",""Life of Bees"",""Honey bee"",""Bee Hive"",""Pollination"",""bee documentary"",""bee facts"",""Nat Geo Animals"",""Pollinator"",""Secrets of the Bees"",""Disney+"",""Hulu"",""Wildlife documentary"",""Insect"",""Worker Bees"",""Pollens"",""Nat Geo Explorer"",""Bee Workers"",""Exploring 4k"",""Behind the Scenes"",""BTS"",""Bee Colony"",""Earth Month"",""Earth Day"",""Nature"",""Queen Bee"",""Broomstick Bee""]",mp4,nature_wildlife,True
re3sANPC5Zk,If Alan’s Universe Was a Reality Show,https://www.youtube.com/watch?v=re3sANPC5Zk,https://www.youtube.com/channel/UC5gxP-2QqIh_09djvlm9Xcg/shorts,Alan's Universe,UC5gxP-2QqIh_09djvlm9Xcg,2026-08-01,18,1080,1920,30,1911158,19883.0,"[""alan chikin chow"",""alan chikin chow tiktok"",""alan chikin chow shorts"",""alan army"",""alan chicken chow"",""alan chicken show"",""alan chikin show""]",mp4,vfx_magic,True
reye5NW8hsI,I DROVE LIKE THIS?!,https://www.youtube.com/watch?v=reye5NW8hsI,https://www.youtube.com/channel/UCF0_hwTeQ73IhJuEtsUbEtA/shorts,Sofie Dossi,UCF0_hwTeQ73IhJuEtsUbEtA,2024-04-27,36,1080,1920,30,1016907,35684.0,"[""Sofie Dossi"",""Contortion"",""Driving with feet"",""Driving"",""Flexibility""]",mp4,dance,True
rkGZbaJJDdU,I Met The 2-Toed Tribe,https://www.youtube.com/watch?v=rkGZbaJJDdU,https://www.youtube.com/channel/UC0Ize0RLIbGdH5x4wI45G-A/shorts,Drew Binsky,UC0Ize0RLIbGdH5x4wI45G-A,2026-05-21,28,720,1280,30,136903,2486.0,[],mp4,travel_adventure,True
rqsRdfdN4uI,Guess The Animal,https://www.youtube.com/watch?v=rqsRdfdN4uI,https://www.youtube.com/channel/UCX6OQ3DkcsbYNE6H8uQQuVA/shorts,MrBeast,UCX6OQ3DkcsbYNE6H8uQQuVA,2026-05-05,46,1080,1920,30,729539733,6523392.0,[],mp4,challenge_stunts,True
rrJCRZ8Wgx8,Summoning Our Superfans 🤞,https://www.youtube.com/watch?v=rrJCRZ8Wgx8,https://www.youtube.com/channel/UC5gxP-2QqIh_09djvlm9Xcg/shorts,Alan's Universe,UC5gxP-2QqIh_09djvlm9Xcg,2026-07-19,11,1080,1920,30,2083688,20259.0,"[""alan chikin chow"",""alan chikin chow tiktok"",""alan chikin chow shorts"",""alan army"",""alan chicken chow"",""alan chicken show"",""alan chikin show""]",mp4,vfx_magic,True
s2HvdNTizaw,Who Said it Best?! 🤣,https://www.youtube.com/watch?v=s2HvdNTizaw,https://www.youtube.com/channel/UC5gxP-2QqIh_09djvlm9Xcg/shorts,Alan's Universe,UC5gxP-2QqIh_09djvlm9Xcg,2026-07-21,55,1080,1920,30,2100952,61794.0,"[""alan chikin chow"",""alan chikin chow tiktok"",""alan chikin chow shorts"",""alan army"",""alan chicken chow"",""alan chicken show"",""alan chikin show""]",mp4,vfx_magic,True
s3DrGkDvgNw,Every Google Phone Ever. Same Picture!,https://www.youtube.com/watch?v=s3DrGkDvgNw,https://www.youtube.com/channel/UCBJycsmduvYEL83R_U4JriQ/shorts,Marques Brownlee,UCBJycsmduvYEL83R_U4JriQ,2026-04-08,49,1080,1920,30,1381602,52238.0,[],mp4,tech_review,True
sDbp9l6SlE0,Would You Survive in Such EXTREME WEATHER?,https://www.youtube.com/watch?v=sDbp9l6SlE0,https://www.youtube.com/channel/UC0Ize0RLIbGdH5x4wI45G-A/shorts,Drew Binsky,UC0Ize0RLIbGdH5x4wI45G-A,2026-02-18,53,1080,1920,30,784579,22245.0,[],mp4,travel_adventure,True
sbZ7TDI3u_U,This gem is actually a fossil,https://www.youtube.com/watch?v=sbZ7TDI3u_U,https://www.youtube.com/channel/UCFhXFikryT4aFcLkLw2LBLA/shorts,NileRed,UCFhXFikryT4aFcLkLw2LBLA,2022-01-26,45,1080,1920,60,6006079,448402.0,"[""nilered"",""nile"",""red"",""science"",""chemistry"",""ammolite"",""gem"",""fossil"",""gemstone"",""color"",""precious"",""stone"",""ammonite""]",mp4,high_speed_science,True
suEPwjYcB_Y,Summer lips ☀️✨ Lip Contour Stain + Faux Filler Lip Oil in Kalamantina 🍊,https://www.youtube.com/watch?v=suEPwjYcB_Y,https://www.youtube.com/channel/UCRSvEADlY-caz3sfDNwvR1A/shorts,Huda Beauty,UCRSvEADlY-caz3sfDNwvR1A,2025-08-13,50,720,1280,24,479417,17315.0,[],mp4,beauty_fashion,True
svPFcstxWCU,AU Cast Recreates Alan Stickers 😆,https://www.youtube.com/watch?v=svPFcstxWCU,https://www.youtube.com/channel/UC5gxP-2QqIh_09djvlm9Xcg/shorts,Alan's Universe,UC5gxP-2QqIh_09djvlm9Xcg,2026-07-03,30,1080,1920,30,7876784,74545.0,"[""alan chikin chow"",""alan chikin chow tiktok"",""alan chikin chow shorts"",""alan army"",""alan chicken chow"",""alan chicken show"",""alan chikin show""]",mp4,vfx_magic,True
t2KyJ9eAjtk,Summer lip combo must have! 💄 #hudabeauty #lipcombo #capri #howto,https://www.youtube.com/watch?v=t2KyJ9eAjtk,https://www.youtube.com/channel/UCRSvEADlY-caz3sfDNwvR1A/shorts,Huda Beauty,UCRSvEADlY-caz3sfDNwvR1A,2025-07-23,40,720,1280,24,402247,10740.0,[],mp4,beauty_fashion,True
t3BQJmfO9bQ,WowCube Challenge! 🚀 Build Cool Lego Animals 🐱 #wowcube,https://www.youtube.com/watch?v=t3BQJmfO9bQ,https://www.youtube.com/channel/UC295-Dw_tDNtZXFeAPAW6Aw/shorts,5-Minute Crafts,UC295-Dw_tDNtZXFeAPAW6Aw,2025-09-15,48,1080,1920,25,293777,1763.0,"[""5 minute craft"",""5 minutes craft"",""5-minute crafts"",""crafts"",""diy"",""diy activities"",""diy projects"",""do it yourself"",""handcraft"",""howto"",""life hacks"",""lifehacks"",""proyectos faciles"",""tips"",""tricks"",""trucos"",""trucos de belliza"",""tutorial"",""useful things""]",mp4,diy_crafts,True
t83w_QIUaUs,3 Tiniest Spaces People Pay To Live In Tokyo,https://www.youtube.com/watch?v=t83w_QIUaUs,https://www.youtube.com/channel/UC0Ize0RLIbGdH5x4wI45G-A/shorts,Drew Binsky,UC0Ize0RLIbGdH5x4wI45G-A,2026-06-22,27,1080,1920,30,98404,2518.0,[],mp4,travel_adventure,True
tAwzBYE18Us,How I Became MrBeef,https://www.youtube.com/watch?v=tAwzBYE18Us,https://www.youtube.com/channel/UCX6OQ3DkcsbYNE6H8uQQuVA/shorts,MrBeast,UCX6OQ3DkcsbYNE6H8uQQuVA,2025-11-16,45,1080,1920,30,44667681,1636207.0,[],mp4,challenge_stunts,True
tL7EKEf4Vd4,Overreaction? 🏀,https://www.youtube.com/watch?v=tL7EKEf4Vd4,https://www.youtube.com/channel/UC5f5IV0Bf79YLp_p9nfInRA/shorts,How Ridiculous,UC5f5IV0Bf79YLp_p9nfInRA,2026-02-03,8,1080,1920,50,3341797,40504.0,[],mp4,sports_trick_shots,True
tQpaahgj7pk,World’s Strongest Man VS Handcuffs!,https://www.youtube.com/watch?v=tQpaahgj7pk,https://www.youtube.com/channel/UC56D-IHcUvLVFTX_8NpQMXg/shorts,Brent Rivera,UC56D-IHcUvLVFTX_8NpQMXg,2025-07-30,39,1080,1920,60,4557471,71866.0,[],mp4,comedy_sketch,True
tRPqDrQhM2s,"What if ""Use Somebody"" had been recorded during the golden age of soul?",https://www.youtube.com/watch?v=tRPqDrQhM2s,https://www.youtube.com/channel/UCORIeT1hk6tYBuntEXsguLg/shorts,PostmodernJukebox,UCORIeT1hk6tYBuntEXsguLg,2026-07-15,47,720,1280,24,21289,822.0,[],mp4,music_performance,True
tTop25WhY9Q,Nature's Shark Spa #HammerheadSharksUpClose,https://www.youtube.com/watch?v=tTop25WhY9Q,https://www.youtube.com/channel/UCpVm7bg6pXKo1Pr6k5kxG9A/shorts,National Geographic,UCpVm7bg6pXKo1Pr6k5kxG9A,2026-07-06,47,1080,1920,24,30253,498.0,"[""national geographic"",""nat geo"",""natgeo"",""animals"",""wildlife"",""science"",""explore"",""discover"",""survival"",""nature"",""culture"",""documentary"",""photography"",""ancient civilization"",""history"",""mystery"",""bertie gregory"",""sharks"",""shark week"",""sharkfest"",""hammerheads"",""shark facts""]",mp4,nature_wildlife,True
ty7TDQyNNgA,The response to this one has been incredible 🖤,https://www.youtube.com/watch?v=ty7TDQyNNgA,https://www.youtube.com/channel/UCORIeT1hk6tYBuntEXsguLg/shorts,PostmodernJukebox,UCORIeT1hk6tYBuntEXsguLg,2026-07-20,45,1080,1920,24,19825,435.0,[],mp4,music_performance,True
u0BDekWpu6c,The Most Dangerous Thing In My Office,https://www.youtube.com/watch?v=u0BDekWpu6c,https://www.youtube.com/channel/UC6nSFpj9HTCZ5t-N3Rm3-HA/shorts,Vsauce,UC6nSFpj9HTCZ5t-N3Rm3-HA,2024-09-17,59,1080,1920,30,14926816,1110254.0,[],mp4,education_howto,True
u5S-eet-sCQ,Cat sees Ghost?! #shorts,https://www.youtube.com/watch?v=u5S-eet-sCQ,https://www.youtube.com/channel/UC6zbH1Z4G32bBV9wyK6ikPA/shorts,Kritter Klub,UC6zbH1Z4G32bBV9wyK6ikPA,2025-03-06,42,360,640,24,4177,191.0,[],mp4,animals_pets,True
uD6Q68aa7n0,I didn’t realize how difficult it is pronounce an Irish Sausage 😂 Niall Horan saved me !!,https://www.youtube.com/watch?v=uD6Q68aa7n0,https://www.youtube.com/channel/UCIEv3lZ_tNXHzL3ox-_uUGQ/shorts,Gordon Ramsay,UCIEv3lZ_tNXHzL3ox-_uUGQ,2026-06-07,51,1080,1920,30,619155,11100.0,[],mp4,cooking_food,True
uHlxsIEPJPo,The Stages of Friendship | #shorts,https://www.youtube.com/watch?v=uHlxsIEPJPo,https://www.youtube.com/channel/UCE3pZOwArJXDOQjcQsiQT_w/shorts,Simon's Cat Extra,UCE3pZOwArJXDOQjcQsiQT_w,2025-05-10,49,1080,1920,25,27023,1455.0,"[""simon's cat"",""simons cat"",""simons cats"",""simon's katze"",""simon tofield"",""simon the cat"",""simona”"",""Simon"",""Tofield"",""simonscat"",""animated cats"",""animated animals"",""animal (film character)"",""black and white"",""black and white cat"",""cat lovers"",""cat fails"",""cute cats"",""funny cat"",""funny cats"",""kids"",""“for"",""kids”"",""short animation"",""Animated"",""Animation"",""cartoon"",""cartoons"",""Cat"",""cats"",""cute"",""fail"",""fun"",""Funny"",""Humour"",""kitten"",""kittens"",""kitty"",""pets"",""Toons"",""videos""]",mp4,animation_edu,True
uIR5vdg5V-M,Oops 🤷‍♂️,https://www.youtube.com/watch?v=uIR5vdg5V-M,https://www.youtube.com/channel/UCIEv3lZ_tNXHzL3ox-_uUGQ/shorts,Gordon Ramsay,UCIEv3lZ_tNXHzL3ox-_uUGQ,2024-11-18,8,1080,1920,30,578463,24093.0,[],mp4,cooking_food,True
uLPgva_CY64,Best Friends ❤️ | Simon's Cat Extra | #shortsfeed,https://www.youtube.com/watch?v=uLPgva_CY64,https://www.youtube.com/channel/UCE3pZOwArJXDOQjcQsiQT_w/shorts,Simon's Cat Extra,UCE3pZOwArJXDOQjcQsiQT_w,2025-04-10,40,1080,1920,25,15854,803.0,"[""simon's cat"",""simons cat"",""simons cats"",""simon's katze"",""simon tofield"",""simon the cat"",""simona”"",""Simon"",""Tofield"",""simonscat"",""animated cats"",""animated animals"",""animal (film character)"",""black and white"",""black and white cat"",""cat lovers"",""cat fails"",""cute cats"",""funny cat"",""funny cats"",""kids"",""“for"",""kids”"",""short animation"",""Animated"",""Animation"",""cartoon"",""cartoons"",""Cat"",""cats"",""cute"",""fail"",""fun"",""Funny"",""Humour"",""kitten"",""kittens"",""kitty"",""pets"",""Toons"",""videos""]",mp4,animation_edu,True
uW-V4WauNWk,"Gordon should've brought his own fork 🍴 Watch new #KitchenNightmares on FOX, next day on @hulu",https://www.youtube.com/watch?v=uW-V4WauNWk,https://www.youtube.com/channel/UCIEv3lZ_tNXHzL3ox-_uUGQ/shorts,Gordon Ramsay,UCIEv3lZ_tNXHzL3ox-_uUGQ,2025-02-18,54,1080,1920,24,1794391,98435.0,"[""Gordon"",""Gordon Ramsay"",""Ramsay"",""Ramsey"",""Chef Ramsay"",""Recipe"",""Recipes"",""Food"",""Cooking"",""Cookery"",""kitchen nightmares"",""hotel hell"",""the f word"",""gordon ramsay likes the food"",""gordon ramsay burger"",""gordon ramsay steak"",""street food"",""pasta recipes"",""chicken recipe"",""Gordon ramsay kitchen nightmares"",""gordon ramsay hotel hell"",""gordon ramsay cooking"",""gordon ramsay funny moments"",""gordon ramsay recipes"",""gordon ramsay recipes chicken"",""gordon ramsay recipes dinner"",""gordon ramsay recipes breakfast""]",mp4,cooking_food,True
uZY9xr-QAk0,"Flip a Coin, I’ll Pay For Your College",https://www.youtube.com/watch?v=uZY9xr-QAk0,https://www.youtube.com/channel/UCX6OQ3DkcsbYNE6H8uQQuVA/shorts,MrBeast,UCX6OQ3DkcsbYNE6H8uQQuVA,2025-11-28,33,1080,1920,30,367802364,6424865.0,[],mp4,challenge_stunts,True
uZy3pA8904g,The Forsaken Card,https://www.youtube.com/watch?v=uZy3pA8904g,https://www.youtube.com/channel/UC6nSFpj9HTCZ5t-N3Rm3-HA/shorts,Vsauce,UC6nSFpj9HTCZ5t-N3Rm3-HA,2024-09-28,60,1080,1920,30,14123612,908647.0,[],mp4,education_howto,True
uclejKKSs7A,Have you watched the full video yet? On our channel 🖤,https://www.youtube.com/watch?v=uclejKKSs7A,https://www.youtube.com/channel/UCORIeT1hk6tYBuntEXsguLg/shorts,PostmodernJukebox,UCORIeT1hk6tYBuntEXsguLg,2026-07-17,39,1080,1920,24,33988,746.0,[],mp4,music_performance,True
ufZ_u188GAM,Trying on Clothes with AI,https://www.youtube.com/watch?v=ufZ_u188GAM,https://www.youtube.com/channel/UCBJycsmduvYEL83R_U4JriQ/shorts,Marques Brownlee,UCBJycsmduvYEL83R_U4JriQ,2025-05-20,53,1080,1920,30,4394263,149945.0,[],mp4,tech_review,True
utcJ4CWDE3Q,Two kittens stuck at the basement with no food #shorts,https://www.youtube.com/watch?v=utcJ4CWDE3Q,https://www.youtube.com/channel/UC6zbH1Z4G32bBV9wyK6ikPA/shorts,Kritter Klub,UC6zbH1Z4G32bBV9wyK6ikPA,2025-05-23,40,360,640,24,10369,266.0,[],mp4,animals_pets,True
uuUt7o_ulZE,This Water Can Kill You (Here's Why),https://www.youtube.com/watch?v=uuUt7o_ulZE,https://www.youtube.com/channel/UC0Ize0RLIbGdH5x4wI45G-A/shorts,Drew Binsky,UC0Ize0RLIbGdH5x4wI45G-A,2026-02-28,23,1080,1920,24,2789814,17343.0,[],mp4,travel_adventure,True
uyKhCeDoK4Q,POV we fell in love in 2003,https://www.youtube.com/watch?v=uyKhCeDoK4Q,https://www.youtube.com/channel/UC6nSFpj9HTCZ5t-N3Rm3-HA/shorts,Vsauce,UC6nSFpj9HTCZ5t-N3Rm3-HA,2025-02-20,23,1080,1920,60,3485282,168086.0,[],mp4,education_howto,True
uzrF987_FkE,What's Inside The Forbidden Pentagon?,https://www.youtube.com/watch?v=uzrF987_FkE,https://www.youtube.com/channel/UC6nSFpj9HTCZ5t-N3Rm3-HA/shorts,Vsauce,UC6nSFpj9HTCZ5t-N3Rm3-HA,2024-07-10,59,1080,1920,30,23943323,1636918.0,[],mp4,education_howto,True
v0PZ7W2m790,Farmer Olympics 😂,https://www.youtube.com/watch?v=v0PZ7W2m790,https://www.youtube.com/channel/UC5f5IV0Bf79YLp_p9nfInRA/shorts,How Ridiculous,UC5f5IV0Bf79YLp_p9nfInRA,2025-02-18,21,1080,1920,50,4411532,34313.0,"[""how ridiculous"",""rexy"",""44club""]",mp4,sports_trick_shots,True
v3s-PgJZJbE,Boys will be boys 😂,https://www.youtube.com/watch?v=v3s-PgJZJbE,https://www.youtube.com/channel/UC5f5IV0Bf79YLp_p9nfInRA/shorts,How Ridiculous,UC5f5IV0Bf79YLp_p9nfInRA,2025-02-24,11,1080,1920,50,861973,19903.0,"[""how ridiculous"",""rexy"",""44club""]",mp4,sports_trick_shots,True
vGGxmjmZ2SY,Watch the video I did with them!!⬆️⬆️,https://www.youtube.com/watch?v=vGGxmjmZ2SY,https://www.youtube.com/channel/UC56D-IHcUvLVFTX_8NpQMXg/shorts,Brent Rivera,UC56D-IHcUvLVFTX_8NpQMXg,2026-04-14,5,1080,1920,30,1000567,10875.0,[],mp4,comedy_sketch,True
vP_8aHZMla8,THE TRUTH ABOUT THE SONG,https://www.youtube.com/watch?v=vP_8aHZMla8,https://www.youtube.com/channel/UCF0_hwTeQ73IhJuEtsUbEtA/shorts,Sofie Dossi,UCF0_hwTeQ73IhJuEtsUbEtA,2022-12-06,60,1080,1920,30,12911755,541642.0,"[""sofie dossi"",""sofie dossi shorts"",""fire alarm"",""cheater"",""sofie dossi music"",""dom brack""]",mp4,dance,True
vRoUcawPZxE,"A customer's puking from their food! 🤢 Watch new #KitchenNightmares on FOX, next day on @hulu",https://www.youtube.com/watch?v=vRoUcawPZxE,https://www.youtube.com/channel/UCIEv3lZ_tNXHzL3ox-_uUGQ/shorts,Gordon Ramsay,UCIEv3lZ_tNXHzL3ox-_uUGQ,2025-02-11,42,1080,1920,24,916586,19249.0,"[""Gordon"",""Gordon Ramsay"",""Ramsay"",""Ramsey"",""Chef Ramsay"",""Recipe"",""Recipes"",""Food"",""Cooking"",""Cookery"",""kitchen nightmares"",""hotel hell"",""the f word"",""gordon ramsay likes the food"",""gordon ramsay burger"",""gordon ramsay steak"",""street food"",""pasta recipes"",""chicken recipe"",""Gordon ramsay kitchen nightmares"",""gordon ramsay hotel hell"",""gordon ramsay cooking"",""gordon ramsay funny moments"",""gordon ramsay recipes"",""gordon ramsay recipes chicken"",""gordon ramsay recipes dinner"",""gordon ramsay recipes breakfast""]",mp4,cooking_food,True
vZqw6Nosgu0,What If You Were 620 Miles Long?,https://www.youtube.com/watch?v=vZqw6Nosgu0,https://www.youtube.com/channel/UC6nSFpj9HTCZ5t-N3Rm3-HA/shorts,Vsauce,UC6nSFpj9HTCZ5t-N3Rm3-HA,2024-10-08,60,1080,1920,30,41142191,2345552.0,[],mp4,education_howto,True
v_tMO_AE2xM,Sprunki Hunt on WowCube! 🎲 Order Now! 👾 #wowcube,https://www.youtube.com/watch?v=v_tMO_AE2xM,https://www.youtube.com/channel/UC295-Dw_tDNtZXFeAPAW6Aw/shorts,5-Minute Crafts,UC295-Dw_tDNtZXFeAPAW6Aw,2025-10-12,31,1080,1920,25,375253,1944.0,"[""5 minute craft"",""5 minutes craft"",""5-minute crafts"",""crafts"",""diy"",""diy activities"",""diy projects"",""do it yourself"",""handcraft"",""howto"",""life hacks"",""lifehacks"",""proyectos faciles"",""tips"",""tricks"",""trucos"",""trucos de belliza"",""tutorial"",""useful things""]",mp4,diy_crafts,True
vovSMb9JAWU,Pekingese family wants PEACE! #shorts,https://www.youtube.com/watch?v=vovSMb9JAWU,https://www.youtube.com/channel/UC6zbH1Z4G32bBV9wyK6ikPA/shorts,Kritter Klub,UC6zbH1Z4G32bBV9wyK6ikPA,2025-05-02,41,360,640,24,7096,178.0,[],mp4,animals_pets,True
vpvdx49ZKLE,Huda's Hack: SWIRL and TWIRL for the most stunning glow 😍 #blushes #blushfilterpalette #newblush,https://www.youtube.com/watch?v=vpvdx49ZKLE,https://www.youtube.com/channel/UCRSvEADlY-caz3sfDNwvR1A/shorts,Huda Beauty,UCRSvEADlY-caz3sfDNwvR1A,2025-11-08,26,1080,1920,24,234591,5587.0,[],mp4,beauty_fashion,True
vudqbt9k_U0,Paid content for The Maine Office of Tourism.,https://www.youtube.com/watch?v=vudqbt9k_U0,https://www.youtube.com/channel/UCpVm7bg6pXKo1Pr6k5kxG9A/shorts,National Geographic,UCpVm7bg6pXKo1Pr6k5kxG9A,2026-07-27,41,1080,1920,30,4259,88.0,"[""nat geo"",""The Maine Office of Tourism"",""Maine Tourism"",""Visit Maine"",""Maine Travel"",""Maine Vacation"",""Explore Maine"",""Maine Adventures"",""Discover Maine"",""Travel Maine"",""Maine Road Trip"",""Things to Do in Maine"",""Maine Attractions"",""Vacation Ideas"",""Travel Destination"",""Nature Travel"",""Family Travel"",""Adventure Travel"",""USA Travel"",""Tourism Campaign"",""Canoe"",""Indigenous Culture"",""Wabanaki Tribe"",""Rivers"",""Lakes"",""Mountains"",""Explore"",""Discover"",""Canoing"",""Canoe Construction"",""National Geographic"",""Fly Fishing""]",mp4,nature_wildlife,True
vv5PA6HuvdI,Keep Clean and Carry On|,https://www.youtube.com/watch?v=vv5PA6HuvdI,https://www.youtube.com/channel/UCE3pZOwArJXDOQjcQsiQT_w/shorts,Simon's Cat Extra,UCE3pZOwArJXDOQjcQsiQT_w,2025-05-18,24,1080,1920,30,55637,2679.0,"[""simon's cat"",""simons cat"",""simons cats"",""simon's katze"",""simon tofield"",""simon the cat"",""simona”"",""Simon"",""Tofield"",""simonscat"",""animated cats"",""animated animals"",""animal (film character)"",""black and white"",""black and white cat"",""cat lovers"",""cat fails"",""cute cats"",""funny cat"",""funny cats"",""kids"",""“for"",""kids”"",""short animation"",""Animated"",""Animation"",""cartoon"",""cartoons"",""Cat"",""cats"",""cute"",""fail"",""fun"",""Funny"",""Humour"",""kitten"",""kittens"",""kitty"",""pets"",""Toons"",""videos""]",mp4,animation_edu,True
vxEy66wATEs,Huda Reacts to Creator GENIUS Easy Bake DIY 😱 #easybake #makeup #makeupdiy,https://www.youtube.com/watch?v=vxEy66wATEs,https://www.youtube.com/channel/UCRSvEADlY-caz3sfDNwvR1A/shorts,Huda Beauty,UCRSvEADlY-caz3sfDNwvR1A,2025-12-15,29,1080,1920,24,10555308,211457.0,[],mp4,beauty_fashion,True
w2781-IH164,I ONLY Had 1 Inch Of Breathing Air,https://www.youtube.com/watch?v=w2781-IH164,https://www.youtube.com/channel/UCF0_hwTeQ73IhJuEtsUbEtA/shorts,Sofie Dossi,UCF0_hwTeQ73IhJuEtsUbEtA,2026-06-07,33,1080,1920,30,120117,3153.0,[],mp4,dance,True
w3ZMZi0HC94,Solution for geese’s aggressiveness .. is LOVE #shorts,https://www.youtube.com/watch?v=w3ZMZi0HC94,https://www.youtube.com/channel/UC6zbH1Z4G32bBV9wyK6ikPA/shorts,Kritter Klub,UC6zbH1Z4G32bBV9wyK6ikPA,2025-04-18,27,360,640,24,6933,179.0,[],mp4,animals_pets,True
wE-cNpIxn40,I love what happens when I shake this bottle,https://www.youtube.com/watch?v=wE-cNpIxn40,https://www.youtube.com/channel/UCFhXFikryT4aFcLkLw2LBLA/shorts,NileRed,UCFhXFikryT4aFcLkLw2LBLA,2022-06-08,60,1080,1920,60,10097314,609264.0,"[""nilered"",""nile"",""red"",""science"",""chemistry"",""chemical"",""traffic"",""light"",""color"",""colour"",""change"",""indigo"",""carmine"",""oxidize""]",mp4,high_speed_science,True
wOcHUaWqcoE,MARIO KART IN REAL LIFE!! @ZacharyRyan,https://www.youtube.com/watch?v=wOcHUaWqcoE,https://www.youtube.com/channel/UCF0_hwTeQ73IhJuEtsUbEtA/shorts,Sofie Dossi,UCF0_hwTeQ73IhJuEtsUbEtA,2023-03-15,45,720,1280,30,20624841,595681.0,"[""sofie dossi"",""Zachary Ryan"",""sofie dossi shorts"",""Zachary Ryan shorts"",""Mario Kart"",""Mario kart in real life"",""shorts"",""racing"",""video games"",""sofie""]",mp4,dance,True
wSh8fAFWEWs,Survivor vs Beast Games,https://www.youtube.com/watch?v=wSh8fAFWEWs,https://www.youtube.com/channel/UCX6OQ3DkcsbYNE6H8uQQuVA/shorts,MrBeast,UCX6OQ3DkcsbYNE6H8uQQuVA,2026-01-16,27,1080,1920,30,38975649,908976.0,[],mp4,challenge_stunts,True
x5BFIVDUQPE,Making scary plasma in a microwave,https://www.youtube.com/watch?v=x5BFIVDUQPE,https://www.youtube.com/channel/UCFhXFikryT4aFcLkLw2LBLA/shorts,NileRed,UCFhXFikryT4aFcLkLw2LBLA,2021-09-02,42,1080,1920,60,8911665,671200.0,"[""nilered"",""nile"",""red"",""science"",""chemistry"",""microwave"",""plasma"",""scary"",""fire"",""ionize"",""match"",""glass""]",mp4,high_speed_science,True
x7M-FAV9-2Q,Real light saber vs Nokia 3310,https://www.youtube.com/watch?v=x7M-FAV9-2Q,https://www.youtube.com/channel/UCBJycsmduvYEL83R_U4JriQ/shorts,Marques Brownlee,UCBJycsmduvYEL83R_U4JriQ,2024-06-14,56,1080,1920,30,6000008,137563.0,"[""light saber"",""real light saber"",""real life light saber"",""light saber vs"",""nokia 3310"",""MKBHD""]",mp4,tech_review,True
xCl2gndzFqE,POV: You Time Traveled Back to 2016,https://www.youtube.com/watch?v=xCl2gndzFqE,https://www.youtube.com/channel/UCX6OQ3DkcsbYNE6H8uQQuVA/shorts,MrBeast,UCX6OQ3DkcsbYNE6H8uQQuVA,2026-06-12,47,1080,1920,30,13947146,458863.0,[],mp4,challenge_stunts,True
xDuuM3ERr5Q,"Guess The Youtuber = Win $1,000",https://www.youtube.com/watch?v=xDuuM3ERr5Q,https://www.youtube.com/channel/UCX6OQ3DkcsbYNE6H8uQQuVA/shorts,MrBeast,UCX6OQ3DkcsbYNE6H8uQQuVA,2026-06-14,51,1080,1920,30,142568798,2669701.0,[],mp4,challenge_stunts,True
xEVBPlemOn4,Our best clothing EVER??,https://www.youtube.com/watch?v=xEVBPlemOn4,https://www.youtube.com/channel/UC5f5IV0Bf79YLp_p9nfInRA/shorts,How Ridiculous,UC5f5IV0Bf79YLp_p9nfInRA,2025-11-07,27,1080,1920,50,516199,7530.0,[],mp4,sports_trick_shots,True
xEilcsrbJws,Weirdest Food Combinations,https://www.youtube.com/watch?v=xEilcsrbJws,https://www.youtube.com/channel/UCF0_hwTeQ73IhJuEtsUbEtA/shorts,Sofie Dossi,UCF0_hwTeQ73IhJuEtsUbEtA,2025-06-14,59,1080,1920,30,2114037,52710.0,"[""sofie dossi"",""food"",""america’s got talent"",""agt"",""summer"",""gross"",""shorts""]",mp4,dance,True
xWvp23Qkg7w,This is what happens when you burn zinc and sulfur...,https://www.youtube.com/watch?v=xWvp23Qkg7w,https://www.youtube.com/channel/UCFhXFikryT4aFcLkLw2LBLA/shorts,NileRed,UCFhXFikryT4aFcLkLw2LBLA,2021-07-13,39,1080,1920,60,11144943,681859.0,"[""nilered"",""nile"",""red"",""science"",""chemistry"",""zinc"",""sulfide"",""glow"",""dark"",""fire"",""reaction"",""green"",""powder""]",mp4,high_speed_science,True
xiJMjTnlxg4,AI is Stealing my Videos,https://www.youtube.com/watch?v=xiJMjTnlxg4,https://www.youtube.com/channel/UCBJycsmduvYEL83R_U4JriQ/shorts,Marques Brownlee,UCBJycsmduvYEL83R_U4JriQ,2024-07-16,59,1080,1920,30,2650513,125232.0,[],mp4,tech_review,True
xij-O0etaJ8,This is the world's densest element,https://www.youtube.com/watch?v=xij-O0etaJ8,https://www.youtube.com/channel/UCFhXFikryT4aFcLkLw2LBLA/shorts,NileRed,UCFhXFikryT4aFcLkLw2LBLA,2021-10-09,33,1080,1920,60,21795751,1147898.0,"[""nilered"",""nile"",""red"",""science"",""chemistry"",""element"",""os"",""osmium"",""densest"",""dense"",""gold"",""lead"",""metal"",""expensive"",""valuable"",""heavy"",""rare""]",mp4,high_speed_science,True
xo5UkGhdTLM,THEY'RE HERE!,https://www.youtube.com/watch?v=xo5UkGhdTLM,https://www.youtube.com/channel/UC6nSFpj9HTCZ5t-N3Rm3-HA/shorts,Vsauce,UC6nSFpj9HTCZ5t-N3Rm3-HA,2024-09-19,60,1080,1920,30,2509925,176463.0,[],mp4,education_howto,True
xqr1S9G7pwM,Little Angel | Simon's Cat Extra,https://www.youtube.com/watch?v=xqr1S9G7pwM,https://www.youtube.com/channel/UCE3pZOwArJXDOQjcQsiQT_w/shorts,Simon's Cat Extra,UCE3pZOwArJXDOQjcQsiQT_w,2025-12-13,49,1080,1920,25,68688,4144.0,"[""Simon’s Cat"",""кот саймонаv"",""simon the cat"",""simon cat"",""simons cat color"",""funny cat cartoons"",""animations for cats"",""Cat funny cats"",""Stories about cats"",""simons cats videos"",""simon the cat thanksgiving"",""cat videos cute cat"",""cat videos for cats to watch"",""simon cat full episodes"",""simon cat videos"",""animated short film"",""cat entertainment videos"",""funny videos of cats and dogs"",""cat videos"",""simons cat vet"",""cat cartoon video"",""nature videos for cats""]",mp4,animation_edu,True
xrgcjGIp3HU,Making a ball of perfectly clear ice,https://www.youtube.com/watch?v=xrgcjGIp3HU,https://www.youtube.com/channel/UCFhXFikryT4aFcLkLw2LBLA/shorts,NileRed,UCFhXFikryT4aFcLkLw2LBLA,2022-06-03,60,1080,1920,60,67361856,3179132.0,"[""nilered"",""nile"",""red"",""science"",""chemistry"",""clear"",""ice"",""ball"",""maker"",""icy"",""sphere"",""perfect"",""water"",""frozen"",""transparent""]",mp4,high_speed_science,True
y1UVAtHALaA,"I Surprised a Random Subscriber With $10,000",https://www.youtube.com/watch?v=y1UVAtHALaA,https://www.youtube.com/channel/UCX6OQ3DkcsbYNE6H8uQQuVA/shorts,MrBeast,UCX6OQ3DkcsbYNE6H8uQQuVA,2026-05-29,35,1080,1920,30,270825469,5806291.0,[],mp4,challenge_stunts,True
y2jkYCT8dio,"Who Voted For ""Me""?",https://www.youtube.com/watch?v=y2jkYCT8dio,https://www.youtube.com/channel/UC6nSFpj9HTCZ5t-N3Rm3-HA/shorts,Vsauce,UC6nSFpj9HTCZ5t-N3Rm3-HA,2024-07-19,57,1080,1920,30,14070891,1093925.0,[],mp4,education_howto,True
y3BbpmK6uq8,Meeting a Levels fan!!😍,https://www.youtube.com/watch?v=y3BbpmK6uq8,https://www.youtube.com/channel/UC56D-IHcUvLVFTX_8NpQMXg/shorts,Brent Rivera,UC56D-IHcUvLVFTX_8NpQMXg,2026-07-18,37,1080,1920,30,7560422,119517.0,[],mp4,comedy_sketch,True
y8U96eA7TIY,🤔🤔🤔,https://www.youtube.com/watch?v=y8U96eA7TIY,https://www.youtube.com/channel/UCRSvEADlY-caz3sfDNwvR1A/shorts,Huda Beauty,UCRSvEADlY-caz3sfDNwvR1A,2025-09-15,32,720,1280,24,85953,1513.0,[],mp4,beauty_fashion,True
y9OlyQvV8Jo,I HAVE A TWIN…,https://www.youtube.com/watch?v=y9OlyQvV8Jo,https://www.youtube.com/channel/UCF0_hwTeQ73IhJuEtsUbEtA/shorts,Sofie Dossi,UCF0_hwTeQ73IhJuEtsUbEtA,2023-06-14,49,1080,1920,30,23729376,631439.0,"[""sofie dossi"",""sofie dossi shorts"",""contortion"",""twin"",""dodoppelganger"",""flexible""]",mp4,dance,True
yF9ejUE2qMw,Which AU Merch is Your Favorite?!,https://www.youtube.com/watch?v=yF9ejUE2qMw,https://www.youtube.com/channel/UC5gxP-2QqIh_09djvlm9Xcg/shorts,Alan's Universe,UC5gxP-2QqIh_09djvlm9Xcg,2026-07-18,15,1080,1920,30,1080527,13517.0,"[""alan chikin chow"",""alan chikin chow tiktok"",""alan chikin chow shorts"",""alan army"",""alan chicken chow"",""alan chicken show"",""alan chikin show""]",mp4,vfx_magic,True
yGDkiUAwxRs,Lithium is dangerous,https://www.youtube.com/watch?v=yGDkiUAwxRs,https://www.youtube.com/channel/UCFhXFikryT4aFcLkLw2LBLA/shorts,NileRed,UCFhXFikryT4aFcLkLw2LBLA,2022-05-27,60,1080,1920,60,73402352,4889886.0,"[""nilered"",""nile"",""red"",""science"",""chemistry"",""energizer"",""lithium"",""battery"",""element"",""batteries"",""alkali"",""metal"",""dangerous""]",mp4,high_speed_science,True
yJYROOsrvfE,Massage a cat while getting a massage #shorts,https://www.youtube.com/watch?v=yJYROOsrvfE,https://www.youtube.com/channel/UC6zbH1Z4G32bBV9wyK6ikPA/shorts,Kritter Klub,UC6zbH1Z4G32bBV9wyK6ikPA,2025-03-21,42,360,640,24,2666,172.0,[],mp4,animals_pets,True
yNJznpuyNV4,We all have that one friend 😂,https://www.youtube.com/watch?v=yNJznpuyNV4,https://www.youtube.com/channel/UC56D-IHcUvLVFTX_8NpQMXg/shorts,Brent Rivera,UC56D-IHcUvLVFTX_8NpQMXg,2026-01-23,16,1080,1920,30,4511057,43409.0,[],mp4,comedy_sketch,True
yNYO3opdPEc,Watch this beaker disappear,https://www.youtube.com/watch?v=yNYO3opdPEc,https://www.youtube.com/channel/UCFhXFikryT4aFcLkLw2LBLA/shorts,NileRed,UCFhXFikryT4aFcLkLw2LBLA,2021-12-16,53,1080,1920,60,29716078,2023996.0,"[""nilered"",""nile"",""red"",""science"",""chemistry"",""beaker"",""disappearing"",""vanish"",""glass"",""glycerine"",""invisible"",""transparent"",""vegetable"",""oil""]",mp4,high_speed_science,True
ySXwP6B6jNA,Will @susi_vidal make a fresh pesto for Gordon Ramsay on #IdiotSandwich ??,https://www.youtube.com/watch?v=ySXwP6B6jNA,https://www.youtube.com/channel/UCIEv3lZ_tNXHzL3ox-_uUGQ/shorts,Gordon Ramsay,UCIEv3lZ_tNXHzL3ox-_uUGQ,2024-02-23,18,1080,1920,30,1381175,39783.0,[],mp4,cooking_food,True
y_JjxcBDYs8,I Found An Island Of Millionaires,https://www.youtube.com/watch?v=y_JjxcBDYs8,https://www.youtube.com/channel/UC0Ize0RLIbGdH5x4wI45G-A/shorts,Drew Binsky,UC0Ize0RLIbGdH5x4wI45G-A,2025-11-28,23,1080,1920,24,127491,3029.0,[],mp4,travel_adventure,True
yljZ1JGBTqs,no more skorts i guess..,https://www.youtube.com/watch?v=yljZ1JGBTqs,https://www.youtube.com/channel/UCCgLoMYIyP0U56dEhEL1wXQ/shorts,Chloe Ting,UCCgLoMYIyP0U56dEhEL1wXQ,2023-01-24,7,1080,1920,60,1593347,47111.0,"[""chloeting"",""Chloe ting"",""fashion"",""ootd"",""skorts"",""shorts"",""fitnesswear""]",mp4,fitness,True
yslLzWC1VPc,Inside London's 3 Smallest Homes,https://www.youtube.com/watch?v=yslLzWC1VPc,https://www.youtube.com/channel/UC0Ize0RLIbGdH5x4wI45G-A/shorts,Drew Binsky,UC0Ize0RLIbGdH5x4wI45G-A,2026-02-04,48,1080,1920,30,225799,5900.0,[],mp4,travel_adventure,True
ywIcdSNJolo,Pass the Phone,https://www.youtube.com/watch?v=ywIcdSNJolo,https://www.youtube.com/channel/UCX6OQ3DkcsbYNE6H8uQQuVA/shorts,MrBeast,UCX6OQ3DkcsbYNE6H8uQQuVA,2026-01-09,23,1080,1920,30,120664607,2221755.0,[],mp4,challenge_stunts,True
z5Y9n9TBGek,If Apple Made a Camera 👀,https://www.youtube.com/watch?v=z5Y9n9TBGek,https://www.youtube.com/channel/UCBJycsmduvYEL83R_U4JriQ/shorts,Marques Brownlee,UCBJycsmduvYEL83R_U4JriQ,2025-03-05,59,1080,1920,30,9324449,312940.0,"[""Sigma BF"",""If Apple made a camera"",""Apple camera"",""MKBHD""]",mp4,tech_review,True
zD49TClnlBw,Maybe Tom Holland needed his new Spider-Man suit to open this jar 😂,https://www.youtube.com/watch?v=zD49TClnlBw,https://www.youtube.com/channel/UCIEv3lZ_tNXHzL3ox-_uUGQ/shorts,Gordon Ramsay,UCIEv3lZ_tNXHzL3ox-_uUGQ,2025-08-03,11,1080,1920,24,1432389,30604.0,[],mp4,cooking_food,True
zZXpekZ1rRQ,Cooking for My Girlfriend with @GoogleGemini 👨‍🍳❤️ #GooglePartner,https://www.youtube.com/watch?v=zZXpekZ1rRQ,https://www.youtube.com/channel/UC5gxP-2QqIh_09djvlm9Xcg/shorts,Alan's Universe,UC5gxP-2QqIh_09djvlm9Xcg,2026-08-11,35,1080,1920,30,741448,12502.0,"[""alan chikin chow"",""alan chikin chow tiktok"",""alan chikin chow shorts"",""alan army"",""alan chicken chow"",""alan chicken show"",""alan chikin show""]",mp4,vfx_magic,True
z_oUHrTbPlU,I Found The World's First KFC,https://www.youtube.com/watch?v=z_oUHrTbPlU,https://www.youtube.com/channel/UC0Ize0RLIbGdH5x4wI45G-A/shorts,Drew Binsky,UC0Ize0RLIbGdH5x4wI45G-A,2025-12-30,39,1080,1920,30,170116,4248.0,[],mp4,travel_adventure,True
zfaLDTWkfEQ,Can anyone beat this? 🎳,https://www.youtube.com/watch?v=zfaLDTWkfEQ,https://www.youtube.com/channel/UC5f5IV0Bf79YLp_p9nfInRA/shorts,How Ridiculous,UC5f5IV0Bf79YLp_p9nfInRA,2025-01-22,12,1080,1920,50,8177963,239685.0,"[""how ridiculous"",""rexy"",""44club""]",mp4,sports_trick_shots,True
zga_k21fyHw,Cut it CAREFULLY!! 🔪,https://www.youtube.com/watch?v=zga_k21fyHw,https://www.youtube.com/channel/UC56D-IHcUvLVFTX_8NpQMXg/shorts,Brent Rivera,UC56D-IHcUvLVFTX_8NpQMXg,2026-05-21,46,1080,1920,30,3811364,54752.0,[],mp4,comedy_sketch,True
zkmWY1SU2Zo,Festive DIY Christmas cards you can make at home 🎄,https://www.youtube.com/watch?v=zkmWY1SU2Zo,https://www.youtube.com/channel/UC295-Dw_tDNtZXFeAPAW6Aw/shorts,5-Minute Crafts,UC295-Dw_tDNtZXFeAPAW6Aw,2025-12-09,39,1080,1920,25,337608,3227.0,[],mp4,diy_crafts,True
zmNvoSDhiWg,ASMR Whisper Rap 💥 | @LouvertureFrederic,https://www.youtube.com/watch?v=zmNvoSDhiWg,https://www.youtube.com/channel/UCE6acMV3m35znLcf0JGNn7Q/shorts,Gibi ASMR,UCE6acMV3m35znLcf0JGNn7Q,2025-09-12,41,576,1024,30,247330,10065.0,[],mp4,asmr,True
zn5682T6-dc,How We Looked as Babies!,https://www.youtube.com/watch?v=zn5682T6-dc,https://www.youtube.com/channel/UC5gxP-2QqIh_09djvlm9Xcg/shorts,Alan's Universe,UC5gxP-2QqIh_09djvlm9Xcg,2026-07-11,8,1080,1920,30,10569477,59816.0,"[""alan chikin chow"",""alan chikin chow tiktok"",""alan chikin chow shorts"",""alan army"",""alan chicken chow"",""alan chicken show"",""alan chikin show""]",mp4,vfx_magic,True
zoHqd2bFTH4,"My Chemical Romance, piano edition 🎹",https://www.youtube.com/watch?v=zoHqd2bFTH4,https://www.youtube.com/channel/UCORIeT1hk6tYBuntEXsguLg/shorts,PostmodernJukebox,UCORIeT1hk6tYBuntEXsguLg,2026-08-14,31,720,1280,24,30296,1057.0,[],mp4,music_performance,True
zsGHHtO6AVY,HE GOT MAD…,https://www.youtube.com/watch?v=zsGHHtO6AVY,https://www.youtube.com/channel/UCF0_hwTeQ73IhJuEtsUbEtA/shorts,Sofie Dossi,UCF0_hwTeQ73IhJuEtsUbEtA,2023-01-11,52,720,1280,30,8233265,309191.0,"[""sofie dossi"",""sofie dossi shorts"",""sofie dossi brother""]",mp4,dance,True
